country_region_code,country_region,sub_region_1,sub_region_2,date,retail_and_recreation_percent_change_from_baseline,grocery_and_pharmacy_percent_change_from_baseline,parks_percent_change_from_baseline,transit_stations_percent_change_from_baseline,workplaces_percent_change_from_baseline,residential_percent_change_from_baseline
SE,Sweden,,,2020-02-15,2,0,3,4,-2,0
SE,Sweden,,,2020-02-16,-10,-7,-30,-11,-5,2
SE,Sweden,,,2020-02-17,-4,-3,-3,-6,-6,2
SE,Sweden,,,2020-02-18,0,0,13,-4,-5,1
SE,Sweden,,,2020-02-19,3,1,26,-3,-5,1
SE,Sweden,,,2020-02-20,1,1,-1,-6,-6,1
SE,Sweden,,,2020-02-21,5,0,22,-2,-7,1
SE,Sweden,,,2020-02-22,0,-1,-10,-2,-3,1
SE,Sweden,,,2020-02-23,2,0,23,0,-1,0
SE,Sweden,,,2020-02-24,2,0,24,-3,-4,1
SE,Sweden,,,2020-02-25,8,9,8,-3,-4,1
SE,Sweden,,,2020-02-26,5,2,4,-5,-4,1
SE,Sweden,,,2020-02-27,7,4,10,-2,-5,1
SE,Sweden,,,2020-02-28,7,2,16,-1,-6,1
SE,Sweden,,,2020-02-29,8,4,8,5,0,0
SE,Sweden,,,2020-03-01,-1,-2,-7,-6,-2,1
SE,Sweden,,,2020-03-02,1,2,10,-3,-2,1
SE,Sweden,,,2020-03-03,0,2,5,-4,-2,1
SE,Sweden,,,2020-03-04,-2,-1,-2,-5,-2,1
SE,Sweden,,,2020-03-05,0,3,8,-4,-2,1
SE,Sweden,,,2020-03-06,2,1,24,-1,-2,1
SE,Sweden,,,2020-03-07,5,4,36,6,0,0
SE,Sweden,,,2020-03-08,1,-2,0,-6,-1,1
SE,Sweden,,,2020-03-09,-2,0,8,-5,0,1
SE,Sweden,,,2020-03-10,-4,1,3,-6,0,1
SE,Sweden,,,2020-03-11,-4,4,10,-7,-1,2
SE,Sweden,,,2020-03-12,-12,11,-17,-16,-4,4
SE,Sweden,,,2020-03-13,-13,8,-4,-19,-10,6
SE,Sweden,,,2020-03-14,-17,9,59,-13,-6,3
SE,Sweden,,,2020-03-15,-25,-2,-15,-30,-10,5
SE,Sweden,,,2020-03-16,-19,3,11,-25,-17,8
SE,Sweden,,,2020-03-17,-24,0,2,-32,-21,9
SE,Sweden,,,2020-03-18,-26,-3,1,-37,-27,11
SE,Sweden,,,2020-03-19,-22,-2,40,-35,-28,11
SE,Sweden,,,2020-03-20,-24,-5,11,-37,-28,12
SE,Sweden,,,2020-03-21,-26,-5,66,-28,-13,6
SE,Sweden,,,2020-03-22,-26,-9,57,-33,-15,5
SE,Sweden,,,2020-03-23,-25,-8,8,-38,-27,11
SE,Sweden,,,2020-03-24,-25,-7,22,-37,-28,11
SE,Sweden,,,2020-03-25,-19,1,25,-36,-28,11
SE,Sweden,,,2020-03-26,-18,-2,48,-35,-28,11
SE,Sweden,,,2020-03-27,-19,-5,43,-35,-29,11
SE,Sweden,,,2020-03-28,-24,-4,52,-29,-15,6
SE,Sweden,,,2020-03-29,-24,-10,43,-36,-18,5
SE,Sweden,,,2020-03-30,-22,-10,8,-39,-29,11
SE,Sweden,,,2020-03-31,-22,-7,27,-37,-29,11
SE,Sweden,,,2020-04-01,-22,-5,27,-38,-29,11
SE,Sweden,,,2020-04-02,-27,-8,-6,-43,-30,13
SE,Sweden,,,2020-04-03,-25,-7,6,-41,-31,13
SE,Sweden,,,2020-04-04,-26,-5,57,-32,-16,6
SE,Sweden,,,2020-04-05,-25,-9,69,-37,-18,6
SE,Sweden,,,2020-04-06,-12,-2,92,-35,-36,11
SE,Sweden,,,2020-04-07,-13,2,65,-37,-36,11
SE,Sweden,,,2020-04-08,-8,9,77,-36,-37,10
SE,Sweden,,,2020-04-09,-3,18,81,-37,-44,12
SE,Sweden,,,2020-04-10,-45,-20,129,-54,-80,21
SE,Sweden,,,2020-04-11,-41,-15,84,-36,-24,6
SE,Sweden,,,2020-04-12,-34,-17,54,-43,-24,6
SE,Sweden,,,2020-04-13,-38,-20,43,-61,-82,23
SE,Sweden,,,2020-04-14,-19,-6,32,-38,-31,11
SE,Sweden,,,2020-04-15,-19,-5,63,-35,-31,11
SE,Sweden,,,2020-04-16,-19,-3,50,-37,-31,11
SE,Sweden,,,2020-04-17,-18,-3,56,-36,-32,11
SE,Sweden,Blekinge County,,2020-02-15,-6,-3,-16,-3,-5,
SE,Sweden,Blekinge County,,2020-02-16,-15,-10,-56,-14,-8,
SE,Sweden,Blekinge County,,2020-02-17,-5,-5,,-16,-19,4
SE,Sweden,Blekinge County,,2020-02-18,1,-2,,-13,-17,2
SE,Sweden,Blekinge County,,2020-02-19,1,-1,,-10,-17,3
SE,Sweden,Blekinge County,,2020-02-20,6,-1,,-15,-20,3
SE,Sweden,Blekinge County,,2020-02-21,1,-2,,-11,-22,3
SE,Sweden,Blekinge County,,2020-02-22,-6,-6,-34,-11,-7,
SE,Sweden,Blekinge County,,2020-02-23,5,-4,-4,7,-3,
SE,Sweden,Blekinge County,,2020-02-24,0,-1,,2,2,0
SE,Sweden,Blekinge County,,2020-02-25,6,11,,1,3,0
SE,Sweden,Blekinge County,,2020-02-26,4,1,,-1,3,1
SE,Sweden,Blekinge County,,2020-02-27,11,5,,5,2,0
SE,Sweden,Blekinge County,,2020-02-28,7,3,,7,2,0
SE,Sweden,Blekinge County,,2020-02-29,16,5,-30,9,0,
SE,Sweden,Blekinge County,,2020-03-01,9,1,-13,9,-6,
SE,Sweden,Blekinge County,,2020-03-02,1,-1,,-5,0,2
SE,Sweden,Blekinge County,,2020-03-03,1,2,,0,1,1
SE,Sweden,Blekinge County,,2020-03-04,1,0,,-4,2,1
SE,Sweden,Blekinge County,,2020-03-05,8,4,,1,2,0
SE,Sweden,Blekinge County,,2020-03-06,6,1,,-1,1,1
SE,Sweden,Blekinge County,,2020-03-07,14,4,-2,5,1,
SE,Sweden,Blekinge County,,2020-03-08,14,-1,-9,4,1,
SE,Sweden,Blekinge County,,2020-03-09,-3,-4,,-10,-5,3
SE,Sweden,Blekinge County,,2020-03-10,-4,-2,,-4,1,1
SE,Sweden,Blekinge County,,2020-03-11,-2,3,,-6,0,1
SE,Sweden,Blekinge County,,2020-03-12,-5,4,,-15,-3,3
SE,Sweden,Blekinge County,,2020-03-13,-6,7,,-11,-6,4
SE,Sweden,Blekinge County,,2020-03-14,-7,9,,2,-7,
SE,Sweden,Blekinge County,,2020-03-15,-10,-1,-20,-1,-12,
SE,Sweden,Blekinge County,,2020-03-16,-13,2,,-16,-13,6
SE,Sweden,Blekinge County,,2020-03-17,-17,0,,-18,-16,7
SE,Sweden,Blekinge County,,2020-03-18,-18,-4,,-25,-22,9
SE,Sweden,Blekinge County,,2020-03-19,-9,-3,,-21,-23,8
SE,Sweden,Blekinge County,,2020-03-20,-12,0,,-26,-22,9
SE,Sweden,Blekinge County,,2020-03-21,-9,0,,-10,-12,
SE,Sweden,Blekinge County,,2020-03-22,-10,-5,35,-18,-12,
SE,Sweden,Blekinge County,,2020-03-23,-14,-7,,-26,-20,8
SE,Sweden,Blekinge County,,2020-03-24,-15,-7,,-24,-20,8
SE,Sweden,Blekinge County,,2020-03-25,-4,4,,-24,-21,8
SE,Sweden,Blekinge County,,2020-03-26,-5,-1,,-22,-23,8
SE,Sweden,Blekinge County,,2020-03-27,-7,1,,-27,-23,9
SE,Sweden,Blekinge County,,2020-03-28,-8,1,,-3,-11,
SE,Sweden,Blekinge County,,2020-03-29,-6,-5,26,-23,-18,
SE,Sweden,Blekinge County,,2020-03-30,-10,-6,,-30,-25,9
SE,Sweden,Blekinge County,,2020-03-31,-11,-6,,-25,-24,8
SE,Sweden,Blekinge County,,2020-04-01,-14,-4,,-30,-25,9
SE,Sweden,Blekinge County,,2020-04-02,-11,-4,,-30,-27,10
SE,Sweden,Blekinge County,,2020-04-03,-12,-6,,-29,-26,10
SE,Sweden,Blekinge County,,2020-04-04,-11,-2,,-14,-16,
SE,Sweden,Blekinge County,,2020-04-05,-3,-6,,-7,-17,
SE,Sweden,Blekinge County,,2020-04-06,2,1,,-21,-30,9
SE,Sweden,Blekinge County,,2020-04-07,3,3,,-17,-29,8
SE,Sweden,Blekinge County,,2020-04-08,13,13,,-15,-30,8
SE,Sweden,Blekinge County,,2020-04-09,21,22,,-14,-37,8
SE,Sweden,Blekinge County,,2020-04-10,-39,-18,,-38,-78,18
SE,Sweden,Blekinge County,,2020-04-11,-20,-6,,-16,-17,
SE,Sweden,Blekinge County,,2020-04-12,-7,-6,,-13,-20,
SE,Sweden,Blekinge County,,2020-04-13,-31,-18,,-49,-80,21
SE,Sweden,Blekinge County,,2020-04-14,-7,-5,,-22,-27,8
SE,Sweden,Blekinge County,,2020-04-15,-5,-3,,-21,-27,9
SE,Sweden,Blekinge County,,2020-04-16,-3,-2,,-18,-27,8
SE,Sweden,Blekinge County,,2020-04-17,-5,0,,-22,-27,8
SE,Sweden,Dalarna County,,2020-02-15,2,0,44,9,-2,0
SE,Sweden,Dalarna County,,2020-02-16,-8,4,-18,-11,-4,2
SE,Sweden,Dalarna County,,2020-02-17,5,4,26,1,1,1
SE,Sweden,Dalarna County,,2020-02-18,13,4,42,4,2,0
SE,Sweden,Dalarna County,,2020-02-19,12,9,46,8,1,-1
SE,Sweden,Dalarna County,,2020-02-20,8,9,60,2,1,1
SE,Sweden,Dalarna County,,2020-02-21,11,7,127,12,-1,0
SE,Sweden,Dalarna County,,2020-02-22,6,6,134,11,0,1
SE,Sweden,Dalarna County,,2020-02-23,25,19,165,25,1,-1
SE,Sweden,Dalarna County,,2020-02-24,22,9,164,2,-16,2
SE,Sweden,Dalarna County,,2020-02-25,29,20,112,0,-16,2
SE,Sweden,Dalarna County,,2020-02-26,22,10,43,-4,-17,2
SE,Sweden,Dalarna County,,2020-02-27,29,15,91,-1,-18,2
SE,Sweden,Dalarna County,,2020-02-28,20,5,141,9,-21,2
SE,Sweden,Dalarna County,,2020-02-29,17,12,175,21,1,-1
SE,Sweden,Dalarna County,,2020-03-01,7,-5,198,15,-7,1
SE,Sweden,Dalarna County,,2020-03-02,3,6,20,1,0,1
SE,Sweden,Dalarna County,,2020-03-03,-2,-1,5,-2,1,1
SE,Sweden,Dalarna County,,2020-03-04,-4,-4,13,-4,0,1
SE,Sweden,Dalarna County,,2020-03-05,6,5,10,-2,1,0
SE,Sweden,Dalarna County,,2020-03-06,1,4,3,7,0,0
SE,Sweden,Dalarna County,,2020-03-07,-2,0,32,2,-2,0
SE,Sweden,Dalarna County,,2020-03-08,-6,2,-23,-13,-3,1
SE,Sweden,Dalarna County,,2020-03-09,1,2,4,-1,0,1
SE,Sweden,Dalarna County,,2020-03-10,2,0,11,-1,1,0
SE,Sweden,Dalarna County,,2020-03-11,1,2,3,1,-1,0
SE,Sweden,Dalarna County,,2020-03-12,-1,14,6,-4,0,2
SE,Sweden,Dalarna County,,2020-03-13,-7,7,-6,-7,-4,3
SE,Sweden,Dalarna County,,2020-03-14,-15,3,47,-3,-4,2
SE,Sweden,Dalarna County,,2020-03-15,-22,5,-29,-25,-10,4
SE,Sweden,Dalarna County,,2020-03-16,-12,1,12,-14,-12,5
SE,Sweden,Dalarna County,,2020-03-17,-18,1,5,-19,-13,6
SE,Sweden,Dalarna County,,2020-03-18,-20,-2,-2,-23,-19,8
SE,Sweden,Dalarna County,,2020-03-19,-17,0,23,-20,-19,8
SE,Sweden,Dalarna County,,2020-03-20,-19,-3,-4,-22,-20,8
SE,Sweden,Dalarna County,,2020-03-21,-26,-8,47,-16,-12,4
SE,Sweden,Dalarna County,,2020-03-22,-27,-7,13,-22,-15,4
SE,Sweden,Dalarna County,,2020-03-23,-23,-8,-4,-28,-19,8
SE,Sweden,Dalarna County,,2020-03-24,-25,-9,0,-27,-20,9
SE,Sweden,Dalarna County,,2020-03-25,-20,-1,-5,-25,-21,8
SE,Sweden,Dalarna County,,2020-03-26,-21,-4,13,-24,-21,9
SE,Sweden,Dalarna County,,2020-03-27,-21,-8,-8,-24,-22,8
SE,Sweden,Dalarna County,,2020-03-28,-31,-10,26,-19,-15,5
SE,Sweden,Dalarna County,,2020-03-29,-34,-15,1,-30,-17,5
SE,Sweden,Dalarna County,,2020-03-30,-26,-13,-4,-31,-22,9
SE,Sweden,Dalarna County,,2020-03-31,-25,-12,11,-24,-22,8
SE,Sweden,Dalarna County,,2020-04-01,-26,-6,5,-26,-22,8
SE,Sweden,Dalarna County,,2020-04-02,-34,-11,-18,-35,-22,10
SE,Sweden,Dalarna County,,2020-04-03,-34,-12,-28,-34,-24,10
SE,Sweden,Dalarna County,,2020-04-04,-41,-15,25,-20,-17,6
SE,Sweden,Dalarna County,,2020-04-05,-42,-15,-12,-38,-20,7
SE,Sweden,Dalarna County,,2020-04-06,-23,-9,43,-20,-22,7
SE,Sweden,Dalarna County,,2020-04-07,-21,-1,21,-25,-23,8
SE,Sweden,Dalarna County,,2020-04-08,-18,6,11,-24,-24,7
SE,Sweden,Dalarna County,,2020-04-09,-14,13,45,-26,-36,9
SE,Sweden,Dalarna County,,2020-04-10,-58,-27,42,-44,-77,19
SE,Sweden,Dalarna County,,2020-04-11,-56,-25,65,-25,-25,5
SE,Sweden,Dalarna County,,2020-04-12,-46,-19,18,-36,-25,5
SE,Sweden,Dalarna County,,2020-04-13,-49,-26,1,-55,-79,22
SE,Sweden,Dalarna County,,2020-04-14,-23,-12,12,-31,-33,10
SE,Sweden,Dalarna County,,2020-04-15,-25,-10,34,-24,-32,9
SE,Sweden,Dalarna County,,2020-04-16,-27,-11,15,-31,-33,10
SE,Sweden,Dalarna County,,2020-04-17,-28,-11,-7,-33,-34,10
SE,Sweden,Gavleborg County,,2020-02-15,0,-1,28,7,-2,1
SE,Sweden,Gavleborg County,,2020-02-16,-8,-6,-32,-3,-3,1
SE,Sweden,Gavleborg County,,2020-02-17,-2,-3,9,-2,0,1
SE,Sweden,Gavleborg County,,2020-02-18,4,0,26,2,1,0
SE,Sweden,Gavleborg County,,2020-02-19,4,2,,3,2,0
SE,Sweden,Gavleborg County,,2020-02-20,2,4,11,-1,1,1
SE,Sweden,Gavleborg County,,2020-02-21,6,2,37,6,-1,0
SE,Sweden,Gavleborg County,,2020-02-22,14,-2,3,0,-3,1
SE,Sweden,Gavleborg County,,2020-02-23,4,5,32,11,-1,-1
SE,Sweden,Gavleborg County,,2020-02-24,7,2,42,-1,-7,1
SE,Sweden,Gavleborg County,,2020-02-25,18,14,40,-1,-7,0
SE,Sweden,Gavleborg County,,2020-02-26,13,3,27,-4,-7,1
SE,Sweden,Gavleborg County,,2020-02-27,18,8,24,1,-8,1
SE,Sweden,Gavleborg County,,2020-02-28,11,3,45,4,-12,1
SE,Sweden,Gavleborg County,,2020-02-29,18,7,78,20,0,-2
SE,Sweden,Gavleborg County,,2020-03-01,-7,-8,-27,2,-7,1
SE,Sweden,Gavleborg County,,2020-03-02,5,1,2,-5,-9,2
SE,Sweden,Gavleborg County,,2020-03-03,0,-2,-2,-8,-8,2
SE,Sweden,Gavleborg County,,2020-03-04,-13,-10,-8,-11,-11,4
SE,Sweden,Gavleborg County,,2020-03-05,-1,3,0,-4,-9,2
SE,Sweden,Gavleborg County,,2020-03-06,2,-1,32,-3,-12,2
SE,Sweden,Gavleborg County,,2020-03-07,7,0,47,3,-3,0
SE,Sweden,Gavleborg County,,2020-03-08,-3,-4,-29,-3,-4,0
SE,Sweden,Gavleborg County,,2020-03-09,4,1,13,-2,1,1
SE,Sweden,Gavleborg County,,2020-03-10,0,1,17,-1,1,0
SE,Sweden,Gavleborg County,,2020-03-11,0,1,12,-5,0,1
SE,Sweden,Gavleborg County,,2020-03-12,-5,11,3,-6,-1,1
SE,Sweden,Gavleborg County,,2020-03-13,-8,6,11,-12,-5,4
SE,Sweden,Gavleborg County,,2020-03-14,-15,7,53,-12,-5,3
SE,Sweden,Gavleborg County,,2020-03-15,-21,1,-24,-19,-9,3
SE,Sweden,Gavleborg County,,2020-03-16,-12,3,19,-17,-9,5
SE,Sweden,Gavleborg County,,2020-03-17,-22,1,2,-25,-14,7
SE,Sweden,Gavleborg County,,2020-03-18,-20,-4,2,-26,-21,8
SE,Sweden,Gavleborg County,,2020-03-19,-19,-1,19,-27,-22,9
SE,Sweden,Gavleborg County,,2020-03-20,-21,-5,0,-31,-24,9
SE,Sweden,Gavleborg County,,2020-03-21,-27,-6,61,-25,-12,5
SE,Sweden,Gavleborg County,,2020-03-22,-28,-7,24,-25,-14,4
SE,Sweden,Gavleborg County,,2020-03-23,-21,-7,-4,-29,-21,9
SE,Sweden,Gavleborg County,,2020-03-24,-25,-9,2,-31,-21,9
SE,Sweden,Gavleborg County,,2020-03-25,-15,1,17,-28,-22,8
SE,Sweden,Gavleborg County,,2020-03-26,-16,-2,14,-28,-22,8
SE,Sweden,Gavleborg County,,2020-03-27,-16,-4,25,-28,-23,8
SE,Sweden,Gavleborg County,,2020-03-28,-21,-4,46,-23,-13,5
SE,Sweden,Gavleborg County,,2020-03-29,-27,-10,10,-27,-14,5
SE,Sweden,Gavleborg County,,2020-03-30,-17,-7,4,-28,-21,8
SE,Sweden,Gavleborg County,,2020-03-31,-19,-6,4,-30,-21,8
SE,Sweden,Gavleborg County,,2020-04-01,-17,-4,,-24,-21,8
SE,Sweden,Gavleborg County,,2020-04-02,-23,-6,-2,-35,-23,10
SE,Sweden,Gavleborg County,,2020-04-03,-24,-7,-2,-35,-24,10
SE,Sweden,Gavleborg County,,2020-04-04,-26,-5,44,-26,-15,6
SE,Sweden,Gavleborg County,,2020-04-05,-29,-8,15,-26,-16,5
SE,Sweden,Gavleborg County,,2020-04-06,-8,-2,,-23,-22,7
SE,Sweden,Gavleborg County,,2020-04-07,-12,2,19,-27,-23,8
SE,Sweden,Gavleborg County,,2020-04-08,-5,11,,-24,-24,7
SE,Sweden,Gavleborg County,,2020-04-09,2,20,56,-24,-31,8
SE,Sweden,Gavleborg County,,2020-04-10,-51,-26,,-51,-78,19
SE,Sweden,Gavleborg County,,2020-04-11,-44,-19,82,-26,-23,5
SE,Sweden,Gavleborg County,,2020-04-12,-35,-14,28,-31,-24,5
SE,Sweden,Gavleborg County,,2020-04-13,-37,-22,0,-57,-80,21
SE,Sweden,Gavleborg County,,2020-04-14,-13,-7,17,-33,-33,9
SE,Sweden,Gavleborg County,,2020-04-15,-13,-6,,-28,-33,9
SE,Sweden,Gavleborg County,,2020-04-16,-14,-4,24,-32,-33,10
SE,Sweden,Gavleborg County,,2020-04-17,-16,-6,31,-33,-35,10
SE,Sweden,Gotland County,,2020-02-15,-1,-8,,,0,
SE,Sweden,Gotland County,,2020-02-16,-7,-9,,-16,0,
SE,Sweden,Gotland County,,2020-02-17,-5,1,,-8,3,1
SE,Sweden,Gotland County,,2020-02-18,1,0,,2,0,0
SE,Sweden,Gotland County,,2020-02-19,-4,-3,,-9,1,0
SE,Sweden,Gotland County,,2020-02-20,13,0,,-2,0,0
SE,Sweden,Gotland County,,2020-02-21,9,-1,,10,2,-1
SE,Sweden,Gotland County,,2020-02-22,-5,-2,,,-2,
SE,Sweden,Gotland County,,2020-02-23,-9,-3,,-9,4,
SE,Sweden,Gotland County,,2020-02-24,7,3,,-14,-14,2
SE,Sweden,Gotland County,,2020-02-25,10,9,,-4,-16,2
SE,Sweden,Gotland County,,2020-02-26,9,0,,-4,-17,3
SE,Sweden,Gotland County,,2020-02-27,17,0,,12,-19,4
SE,Sweden,Gotland County,,2020-02-28,9,-3,,-4,-19,
SE,Sweden,Gotland County,,2020-02-29,17,4,,,5,
SE,Sweden,Gotland County,,2020-03-01,12,-2,,16,4,
SE,Sweden,Gotland County,,2020-03-02,5,4,,2,3,0
SE,Sweden,Gotland County,,2020-03-03,3,3,,10,3,-1
SE,Sweden,Gotland County,,2020-03-04,9,-4,,4,2,1
SE,Sweden,Gotland County,,2020-03-05,9,-1,,0,3,0
SE,Sweden,Gotland County,,2020-03-06,8,-2,,-4,3,0
SE,Sweden,Gotland County,,2020-03-07,10,1,,,10,
SE,Sweden,Gotland County,,2020-03-08,22,-1,,-9,8,
SE,Sweden,Gotland County,,2020-03-09,-1,-2,,-2,2,1
SE,Sweden,Gotland County,,2020-03-10,3,-4,,16,0,0
SE,Sweden,Gotland County,,2020-03-11,0,4,,-5,2,2
SE,Sweden,Gotland County,,2020-03-12,-3,4,,-8,-2,3
SE,Sweden,Gotland County,,2020-03-13,-14,4,,-13,-5,5
SE,Sweden,Gotland County,,2020-03-14,-14,-3,,,-7,
SE,Sweden,Gotland County,,2020-03-15,-20,-3,,-27,-6,
SE,Sweden,Gotland County,,2020-03-16,-10,1,,-24,-9,5
SE,Sweden,Gotland County,,2020-03-17,-16,1,,-6,-13,5
SE,Sweden,Gotland County,,2020-03-18,-18,-6,,-22,-16,8
SE,Sweden,Gotland County,,2020-03-19,-5,-6,,-20,-22,
SE,Sweden,Gotland County,,2020-03-20,-13,-3,,-31,-17,
SE,Sweden,Gotland County,,2020-03-21,-12,-5,,,-2,
SE,Sweden,Gotland County,,2020-03-22,-12,-7,,-36,-2,
SE,Sweden,Gotland County,,2020-03-23,-10,-5,,-25,-15,7
SE,Sweden,Gotland County,,2020-03-24,-9,-6,,-16,-18,6
SE,Sweden,Gotland County,,2020-03-25,-1,5,,-24,-14,7
SE,Sweden,Gotland County,,2020-03-26,-2,1,,-20,-17,7
SE,Sweden,Gotland County,,2020-03-27,-6,-3,,-33,-14,
SE,Sweden,Gotland County,,2020-03-28,-7,-2,,,-5,
SE,Sweden,Gotland County,,2020-03-29,-12,-6,,-45,-10,
SE,Sweden,Gotland County,,2020-03-30,-13,-7,,-36,-17,8
SE,Sweden,Gotland County,,2020-03-31,-9,-2,,-24,-19,7
SE,Sweden,Gotland County,,2020-04-01,-10,-3,,-22,-16,7
SE,Sweden,Gotland County,,2020-04-02,-11,-4,,-32,-19,
SE,Sweden,Gotland County,,2020-04-03,-13,-3,,-39,-17,
SE,Sweden,Gotland County,,2020-04-04,-14,-9,,,-10,
SE,Sweden,Gotland County,,2020-04-05,-3,-8,,-44,-6,
SE,Sweden,Gotland County,,2020-04-06,,5,,-31,-28,
SE,Sweden,Gotland County,,2020-04-07,,8,,-16,-28,
SE,Sweden,Gotland County,,2020-04-08,,15,,-25,-29,
SE,Sweden,Gotland County,,2020-04-09,,21,,-29,-37,
SE,Sweden,Gotland County,,2020-04-10,,-23,,-57,-73,
SE,Sweden,Gotland County,,2020-04-11,,-17,,,-7,
SE,Sweden,Gotland County,,2020-04-12,,-13,,-53,-16,
SE,Sweden,Gotland County,,2020-04-13,,-17,,-46,-75,
SE,Sweden,Gotland County,,2020-04-14,,-4,,-16,-15,5
SE,Sweden,Gotland County,,2020-04-15,,-5,,-20,-14,6
SE,Sweden,Gotland County,,2020-04-16,,-6,,-27,-15,6
SE,Sweden,Gotland County,,2020-04-17,,-1,,-34,-12,
SE,Sweden,Halland County,,2020-02-15,3,0,-1,5,-1,1
SE,Sweden,Halland County,,2020-02-16,-16,-9,-39,-18,-5,2
SE,Sweden,Halland County,,2020-02-17,0,-4,-4,-11,-12,3
SE,Sweden,Halland County,,2020-02-18,4,-3,11,-8,-10,2
SE,Sweden,Halland County,,2020-02-19,6,0,20,-6,-11,1
SE,Sweden,Halland County,,2020-02-20,3,-4,-17,-14,-13,3
SE,Sweden,Halland County,,2020-02-21,2,-3,16,-7,-14,2
SE,Sweden,Halland County,,2020-02-22,-1,-4,-7,-7,-4,1
SE,Sweden,Halland County,,2020-02-23,0,-1,19,-2,0,0
SE,Sweden,Halland County,,2020-02-24,0,1,15,1,2,0
SE,Sweden,Halland County,,2020-02-25,9,4,-4,1,2,0
SE,Sweden,Halland County,,2020-02-26,9,4,4,0,3,0
SE,Sweden,Halland County,,2020-02-27,14,7,42,6,2,0
SE,Sweden,Halland County,,2020-02-28,2,0,-5,6,1,0
SE,Sweden,Halland County,,2020-02-29,14,3,-14,9,0,0
SE,Sweden,Halland County,,2020-03-01,0,-1,-17,-8,1,1
SE,Sweden,Halland County,,2020-03-02,5,1,34,6,2,0
SE,Sweden,Halland County,,2020-03-03,4,1,,0,2,0
SE,Sweden,Halland County,,2020-03-04,2,1,9,-1,0,1
SE,Sweden,Halland County,,2020-03-05,5,1,40,4,2,0
SE,Sweden,Halland County,,2020-03-06,1,-1,14,2,2,0
SE,Sweden,Halland County,,2020-03-07,11,6,81,20,5,0
SE,Sweden,Halland County,,2020-03-08,2,-2,-18,-8,0,1
SE,Sweden,Halland County,,2020-03-09,-4,-1,-2,-4,1,1
SE,Sweden,Halland County,,2020-03-10,-5,-4,-6,-4,1,1
SE,Sweden,Halland County,,2020-03-11,-3,5,30,-2,0,1
SE,Sweden,Halland County,,2020-03-12,-15,7,-15,-16,-4,4
SE,Sweden,Halland County,,2020-03-13,-15,6,-3,-17,-7,5
SE,Sweden,Halland County,,2020-03-14,-10,9,,3,-3,3
SE,Sweden,Halland County,,2020-03-15,-26,-4,-23,-29,-7,5
SE,Sweden,Halland County,,2020-03-16,-17,0,23,-19,-13,7
SE,Sweden,Halland County,,2020-03-17,-20,0,,-23,-16,8
SE,Sweden,Halland County,,2020-03-18,-22,-5,4,-33,-23,10
SE,Sweden,Halland County,,2020-03-19,-14,-5,,-25,-21,9
SE,Sweden,Halland County,,2020-03-20,-16,-6,63,-26,-22,9
SE,Sweden,Halland County,,2020-03-21,-12,-1,,-5,-9,5
SE,Sweden,Halland County,,2020-03-22,-18,-5,116,-17,-12,5
SE,Sweden,Halland County,,2020-03-23,-14,-8,38,-28,-21,9
SE,Sweden,Halland County,,2020-03-24,-14,-9,,-26,-20,9
SE,Sweden,Halland County,,2020-03-25,-7,-1,54,-25,-22,9
SE,Sweden,Halland County,,2020-03-26,-6,-5,,-24,-21,9
SE,Sweden,Halland County,,2020-03-27,-8,-4,,-23,-22,9
SE,Sweden,Halland County,,2020-03-28,-7,1,114,-10,-10,5
SE,Sweden,Halland County,,2020-03-29,-13,-7,74,-25,-14,5
SE,Sweden,Halland County,,2020-03-30,-11,-10,,-27,-21,9
SE,Sweden,Halland County,,2020-03-31,-12,-9,,-24,-21,9
SE,Sweden,Halland County,,2020-04-01,-15,-7,43,-27,-22,9
SE,Sweden,Halland County,,2020-04-02,-17,-7,15,-32,-24,11
SE,Sweden,Halland County,,2020-04-03,-20,-7,30,-31,-25,11
SE,Sweden,Halland County,,2020-04-04,-15,-4,,-9,-11,6
SE,Sweden,Halland County,,2020-04-05,-11,-5,,-15,-14,5
SE,Sweden,Halland County,,2020-04-06,2,1,,-19,-32,9
SE,Sweden,Halland County,,2020-04-07,5,3,,-20,-31,9
SE,Sweden,Halland County,,2020-04-08,10,14,,-23,-33,8
SE,Sweden,Halland County,,2020-04-09,24,24,,-23,-40,10
SE,Sweden,Halland County,,2020-04-10,-28,-16,,-45,-80,20
SE,Sweden,Halland County,,2020-04-11,-28,-7,,-17,-22,6
SE,Sweden,Halland County,,2020-04-12,-18,-12,129,-24,-22,5
SE,Sweden,Halland County,,2020-04-13,-22,-16,,-49,-82,23
SE,Sweden,Halland County,,2020-04-14,-6,-6,,-22,-20,8
SE,Sweden,Halland County,,2020-04-15,-11,-5,54,-24,-20,9
SE,Sweden,Halland County,,2020-04-16,-7,-3,,-23,-21,9
SE,Sweden,Halland County,,2020-04-17,-8,-2,,-24,-22,9
SE,Sweden,Jamtland County,,2020-02-15,12,15,65,23,0,
SE,Sweden,Jamtland County,,2020-02-16,7,12,-8,7,-1,
SE,Sweden,Jamtland County,,2020-02-17,14,15,,27,1,1
SE,Sweden,Jamtland County,,2020-02-18,20,16,,30,0,0
SE,Sweden,Jamtland County,,2020-02-19,31,18,,23,0,-1
SE,Sweden,Jamtland County,,2020-02-20,15,19,,9,0,1
SE,Sweden,Jamtland County,,2020-02-21,14,15,,21,0,0
SE,Sweden,Jamtland County,,2020-02-22,18,19,41,17,6,
SE,Sweden,Jamtland County,,2020-02-23,10,17,25,14,2,
SE,Sweden,Jamtland County,,2020-02-24,18,14,,22,2,1
SE,Sweden,Jamtland County,,2020-02-25,36,27,,28,2,-1
SE,Sweden,Jamtland County,,2020-02-26,32,17,,28,3,0
SE,Sweden,Jamtland County,,2020-02-27,25,17,,18,1,0
SE,Sweden,Jamtland County,,2020-02-28,17,9,50,19,1,-1
SE,Sweden,Jamtland County,,2020-02-29,18,12,,26,7,
SE,Sweden,Jamtland County,,2020-03-01,-2,3,0,-6,0,
SE,Sweden,Jamtland County,,2020-03-02,4,7,,0,-19,4
SE,Sweden,Jamtland County,,2020-03-03,13,9,,2,-20,2
SE,Sweden,Jamtland County,,2020-03-04,12,8,,-1,-21,3
SE,Sweden,Jamtland County,,2020-03-05,16,10,,5,-23,3
SE,Sweden,Jamtland County,,2020-03-06,6,2,,9,-27,3
SE,Sweden,Jamtland County,,2020-03-07,6,4,,25,-4,
SE,Sweden,Jamtland County,,2020-03-08,5,2,0,2,-1,
SE,Sweden,Jamtland County,,2020-03-09,6,5,,3,-2,0
SE,Sweden,Jamtland County,,2020-03-10,9,7,,5,0,0
SE,Sweden,Jamtland County,,2020-03-11,7,10,,1,-1,1
SE,Sweden,Jamtland County,,2020-03-12,4,15,,-2,-1,2
SE,Sweden,Jamtland County,,2020-03-13,-6,10,14,-8,-4,3
SE,Sweden,Jamtland County,,2020-03-14,-10,5,83,1,-6,
SE,Sweden,Jamtland County,,2020-03-15,-14,0,-5,-24,-7,
SE,Sweden,Jamtland County,,2020-03-16,-11,3,,-8,-9,5
SE,Sweden,Jamtland County,,2020-03-17,-13,2,,-17,-12,6
SE,Sweden,Jamtland County,,2020-03-18,-11,-1,,-17,-18,7
SE,Sweden,Jamtland County,,2020-03-19,-14,-1,8,-24,-18,8
SE,Sweden,Jamtland County,,2020-03-20,-20,-6,38,-25,-18,7
SE,Sweden,Jamtland County,,2020-03-21,-25,-12,102,-17,-7,
SE,Sweden,Jamtland County,,2020-03-22,-26,-14,52,-35,-13,
SE,Sweden,Jamtland County,,2020-03-23,-22,-8,,-32,-18,8
SE,Sweden,Jamtland County,,2020-03-24,-21,-7,,-30,-19,9
SE,Sweden,Jamtland County,,2020-03-25,-13,0,,-29,-19,8
SE,Sweden,Jamtland County,,2020-03-26,-17,-5,,-31,-21,8
SE,Sweden,Jamtland County,,2020-03-27,-24,-9,39,-29,-20,8
SE,Sweden,Jamtland County,,2020-03-28,-31,-16,33,-35,-12,
SE,Sweden,Jamtland County,,2020-03-29,-41,-25,3,-46,-16,
SE,Sweden,Jamtland County,,2020-03-30,-26,-15,,-31,-20,8
SE,Sweden,Jamtland County,,2020-03-31,-25,-11,-17,-36,-23,10
SE,Sweden,Jamtland County,,2020-04-01,-22,-8,,-32,-22,9
SE,Sweden,Jamtland County,,2020-04-02,-31,-15,-17,-43,-24,10
SE,Sweden,Jamtland County,,2020-04-03,-35,-15,-16,-40,-24,10
SE,Sweden,Jamtland County,,2020-04-04,-37,-18,15,-38,-16,
SE,Sweden,Jamtland County,,2020-04-05,-35,-27,28,-45,-18,
SE,Sweden,Jamtland County,,2020-04-06,-24,-10,,-34,-23,8
SE,Sweden,Jamtland County,,2020-04-07,-16,-4,,-35,-23,8
SE,Sweden,Jamtland County,,2020-04-08,-11,6,,-35,-23,7
SE,Sweden,Jamtland County,,2020-04-09,-15,12,,-36,-33,7
SE,Sweden,Jamtland County,,2020-04-10,-68,-38,,-57,-79,
SE,Sweden,Jamtland County,,2020-04-11,-60,-35,,-41,-27,
SE,Sweden,Jamtland County,,2020-04-12,-54,-35,35,-54,-28,
SE,Sweden,Jamtland County,,2020-04-13,-62,-36,,-64,-82,
SE,Sweden,Jamtland County,,2020-04-14,-23,-14,,-42,-39,10
SE,Sweden,Jamtland County,,2020-04-15,-21,-15,,-37,-36,10
SE,Sweden,Jamtland County,,2020-04-16,-27,-16,8,-45,-37,11
SE,Sweden,Jamtland County,,2020-04-17,-32,-18,7,-44,-38,12
SE,Sweden,Jonkoping County,,2020-02-15,-4,-3,-6,-5,-5,0
SE,Sweden,Jonkoping County,,2020-02-16,-22,-9,-47,-15,-7,2
SE,Sweden,Jonkoping County,,2020-02-17,-7,-4,-14,-5,0,1
SE,Sweden,Jonkoping County,,2020-02-18,-1,1,3,-3,2,0
SE,Sweden,Jonkoping County,,2020-02-19,2,1,12,-1,3,0
SE,Sweden,Jonkoping County,,2020-02-20,3,4,0,-2,1,0
SE,Sweden,Jonkoping County,,2020-02-21,5,1,9,1,2,0
SE,Sweden,Jonkoping County,,2020-02-22,0,-1,-24,-6,-2,2
SE,Sweden,Jonkoping County,,2020-02-23,-1,-2,-10,-1,0,1
SE,Sweden,Jonkoping County,,2020-02-24,2,-1,14,1,2,0
SE,Sweden,Jonkoping County,,2020-02-25,1,4,-18,1,2,1
SE,Sweden,Jonkoping County,,2020-02-26,1,1,-8,-1,2,1
SE,Sweden,Jonkoping County,,2020-02-27,12,6,3,4,0,0
SE,Sweden,Jonkoping County,,2020-02-28,8,2,-1,4,1,0
SE,Sweden,Jonkoping County,,2020-02-29,10,3,3,5,0,0
SE,Sweden,Jonkoping County,,2020-03-01,-5,-2,-25,-4,-3,1
SE,Sweden,Jonkoping County,,2020-03-02,0,0,5,-4,0,1
SE,Sweden,Jonkoping County,,2020-03-03,0,1,7,-4,0,1
SE,Sweden,Jonkoping County,,2020-03-04,-1,-1,2,-4,2,1
SE,Sweden,Jonkoping County,,2020-03-05,4,2,3,-1,0,0
SE,Sweden,Jonkoping County,,2020-03-06,8,0,13,3,0,0
SE,Sweden,Jonkoping County,,2020-03-07,11,3,29,7,-1,0
SE,Sweden,Jonkoping County,,2020-03-08,4,-2,-14,-2,0,0
SE,Sweden,Jonkoping County,,2020-03-09,-3,-3,-12,-3,0,1
SE,Sweden,Jonkoping County,,2020-03-10,-4,1,2,-5,0,1
SE,Sweden,Jonkoping County,,2020-03-11,-3,3,12,-6,-2,1
SE,Sweden,Jonkoping County,,2020-03-12,-13,8,-22,-15,-3,3
SE,Sweden,Jonkoping County,,2020-03-13,-21,2,-25,-15,-7,5
SE,Sweden,Jonkoping County,,2020-03-14,-21,8,54,-12,-6,4
SE,Sweden,Jonkoping County,,2020-03-15,-29,-2,-18,-25,-11,5
SE,Sweden,Jonkoping County,,2020-03-16,-17,3,3,-19,-14,7
SE,Sweden,Jonkoping County,,2020-03-17,-24,-1,-5,-24,-17,8
SE,Sweden,Jonkoping County,,2020-03-18,-25,-5,-6,-31,-22,9
SE,Sweden,Jonkoping County,,2020-03-19,-20,-5,18,-29,-21,9
SE,Sweden,Jonkoping County,,2020-03-20,-21,-6,0,-30,-22,9
SE,Sweden,Jonkoping County,,2020-03-21,-25,-5,60,-20,-13,5
SE,Sweden,Jonkoping County,,2020-03-22,-27,-7,59,-25,-17,5
SE,Sweden,Jonkoping County,,2020-03-23,-20,-10,5,-28,-20,9
SE,Sweden,Jonkoping County,,2020-03-24,-20,-8,30,-27,-19,9
SE,Sweden,Jonkoping County,,2020-03-25,-13,0,20,-25,-19,8
SE,Sweden,Jonkoping County,,2020-03-26,-11,-4,31,-24,-20,8
SE,Sweden,Jonkoping County,,2020-03-27,-10,-5,33,-23,-21,8
SE,Sweden,Jonkoping County,,2020-03-28,-21,-4,59,-20,-16,5
SE,Sweden,Jonkoping County,,2020-03-29,-24,-7,30,-29,-23,6
SE,Sweden,Jonkoping County,,2020-03-30,-15,-10,2,-28,-20,9
SE,Sweden,Jonkoping County,,2020-03-31,-19,-7,18,-29,-20,9
SE,Sweden,Jonkoping County,,2020-04-01,-18,-7,19,-29,-20,8
SE,Sweden,Jonkoping County,,2020-04-02,-23,-9,-19,-35,-23,10
SE,Sweden,Jonkoping County,,2020-04-03,-19,-8,3,-31,-24,10
SE,Sweden,Jonkoping County,,2020-04-04,-24,-5,61,-23,-17,6
SE,Sweden,Jonkoping County,,2020-04-05,-24,-7,61,-25,-21,5
SE,Sweden,Jonkoping County,,2020-04-06,1,-3,78,-23,-29,8
SE,Sweden,Jonkoping County,,2020-04-07,-1,5,,-22,-29,9
SE,Sweden,Jonkoping County,,2020-04-08,5,10,66,-24,-31,8
SE,Sweden,Jonkoping County,,2020-04-09,11,19,72,-25,-41,10
SE,Sweden,Jonkoping County,,2020-04-10,-45,-22,121,-47,-82,20
SE,Sweden,Jonkoping County,,2020-04-11,-38,-15,101,-24,-25,5
SE,Sweden,Jonkoping County,,2020-04-12,-30,-15,49,-32,-29,5
SE,Sweden,Jonkoping County,,2020-04-13,-33,-21,34,-56,-83,24
SE,Sweden,Jonkoping County,,2020-04-14,-14,-6,22,-23,-18,7
SE,Sweden,Jonkoping County,,2020-04-15,-13,-5,45,-24,-17,7
SE,Sweden,Jonkoping County,,2020-04-16,-12,-3,45,-24,-20,8
SE,Sweden,Jonkoping County,,2020-04-17,-11,-2,47,-23,-22,7
SE,Sweden,Kalmar County,,2020-02-15,-2,-4,-25,-7,-2,1
SE,Sweden,Kalmar County,,2020-02-16,-15,-8,-49,-16,-3,2
SE,Sweden,Kalmar County,,2020-02-17,-2,-4,,-17,-17,3
SE,Sweden,Kalmar County,,2020-02-18,0,0,,-11,-16,2
SE,Sweden,Kalmar County,,2020-02-19,5,-2,9,-15,-17,2
SE,Sweden,Kalmar County,,2020-02-20,6,2,,-11,-18,3
SE,Sweden,Kalmar County,,2020-02-21,5,-2,15,-12,-21,3
SE,Sweden,Kalmar County,,2020-02-22,-7,-7,-40,-14,-4,1
SE,Sweden,Kalmar County,,2020-02-23,-5,-1,-11,-2,0,0
SE,Sweden,Kalmar County,,2020-02-24,2,-1,,1,1,0
SE,Sweden,Kalmar County,,2020-02-25,7,6,,2,2,0
SE,Sweden,Kalmar County,,2020-02-26,4,-3,-13,-2,1,1
SE,Sweden,Kalmar County,,2020-02-27,8,5,-4,1,1,1
SE,Sweden,Kalmar County,,2020-02-28,9,1,-2,2,1,0
SE,Sweden,Kalmar County,,2020-02-29,11,0,-18,0,3,1
SE,Sweden,Kalmar County,,2020-03-01,1,-1,-20,-2,1,1
SE,Sweden,Kalmar County,,2020-03-02,-1,-2,,-6,1,1
SE,Sweden,Kalmar County,,2020-03-03,3,0,,2,2,0
SE,Sweden,Kalmar County,,2020-03-04,7,-1,-4,-6,0,1
SE,Sweden,Kalmar County,,2020-03-05,7,2,,-1,1,1
SE,Sweden,Kalmar County,,2020-03-06,6,0,2,-3,0,1
SE,Sweden,Kalmar County,,2020-03-07,7,0,-6,-2,-1,1
SE,Sweden,Kalmar County,,2020-03-08,2,2,10,-2,2,0
SE,Sweden,Kalmar County,,2020-03-09,1,-2,,-4,-1,1
SE,Sweden,Kalmar County,,2020-03-10,-3,-3,,-1,0,0
SE,Sweden,Kalmar County,,2020-03-11,0,1,2,-7,-1,1
SE,Sweden,Kalmar County,,2020-03-12,-7,8,-20,-12,-3,3
SE,Sweden,Kalmar County,,2020-03-13,-13,0,-15,-15,-6,4
SE,Sweden,Kalmar County,,2020-03-14,-14,7,22,-14,-7,4
SE,Sweden,Kalmar County,,2020-03-15,-16,7,-7,-22,-7,4
SE,Sweden,Kalmar County,,2020-03-16,-8,2,,-20,-15,6
SE,Sweden,Kalmar County,,2020-03-17,-14,0,,-23,-22,7
SE,Sweden,Kalmar County,,2020-03-18,-14,-1,4,-25,-18,7
SE,Sweden,Kalmar County,,2020-03-19,-15,0,,-23,-19,7
SE,Sweden,Kalmar County,,2020-03-20,-11,-2,15,-30,-20,8
SE,Sweden,Kalmar County,,2020-03-21,-16,-1,53,-18,-12,5
SE,Sweden,Kalmar County,,2020-03-22,-19,-2,47,-23,-12,4
SE,Sweden,Kalmar County,,2020-03-23,-11,-5,,-26,-19,7
SE,Sweden,Kalmar County,,2020-03-24,-14,-3,,-20,-19,7
SE,Sweden,Kalmar County,,2020-03-25,-2,3,,-24,-21,7
SE,Sweden,Kalmar County,,2020-03-26,-4,3,,-23,-22,8
SE,Sweden,Kalmar County,,2020-03-27,-4,-1,,-24,-23,8
SE,Sweden,Kalmar County,,2020-03-28,-11,-2,85,-11,-12,4
SE,Sweden,Kalmar County,,2020-03-29,-11,-5,21,-27,-13,5
SE,Sweden,Kalmar County,,2020-03-30,-11,-6,,-32,-24,8
SE,Sweden,Kalmar County,,2020-03-31,-12,-5,,-23,-21,7
SE,Sweden,Kalmar County,,2020-04-01,-9,-5,,-26,-22,7
SE,Sweden,Kalmar County,,2020-04-02,-13,-2,,-32,-24,9
SE,Sweden,Kalmar County,,2020-04-03,-10,-5,37,-27,-24,9
SE,Sweden,Kalmar County,,2020-04-04,-17,-3,72,-12,-13,5
SE,Sweden,Kalmar County,,2020-04-05,-15,-2,81,-19,-12,5
SE,Sweden,Kalmar County,,2020-04-06,0,-1,,-22,-23,7
SE,Sweden,Kalmar County,,2020-04-07,-2,5,,-12,-22,6
SE,Sweden,Kalmar County,,2020-04-08,12,11,,-16,-23,6
SE,Sweden,Kalmar County,,2020-04-09,18,24,,-11,-29,7
SE,Sweden,Kalmar County,,2020-04-10,-37,-20,,-41,-78,18
SE,Sweden,Kalmar County,,2020-04-11,-25,-8,,-13,-19,5
SE,Sweden,Kalmar County,,2020-04-12,-15,-4,103,-20,-21,
SE,Sweden,Kalmar County,,2020-04-13,-27,-19,,-49,-80,21
SE,Sweden,Kalmar County,,2020-04-14,-3,-3,,-19,-31,8
SE,Sweden,Kalmar County,,2020-04-15,-2,-1,,-22,-31,8
SE,Sweden,Kalmar County,,2020-04-16,-2,1,,-22,-33,9
SE,Sweden,Kalmar County,,2020-04-17,-4,-1,,-25,-36,9
SE,Sweden,Kronoberg County,,2020-02-15,-3,-3,,-1,-3,
SE,Sweden,Kronoberg County,,2020-02-16,-16,-10,-51,-18,-7,
SE,Sweden,Kronoberg County,,2020-02-17,-1,-5,,-17,-18,4
SE,Sweden,Kronoberg County,,2020-02-18,-1,-4,,-9,-18,3
SE,Sweden,Kronoberg County,,2020-02-19,2,-1,,-11,-18,2
SE,Sweden,Kronoberg County,,2020-02-20,0,1,,-14,-21,4
SE,Sweden,Kronoberg County,,2020-02-21,-4,-4,,-12,-22,4
SE,Sweden,Kronoberg County,,2020-02-22,-6,-12,,-13,-4,
SE,Sweden,Kronoberg County,,2020-02-23,-1,1,,3,-1,
SE,Sweden,Kronoberg County,,2020-02-24,3,1,,0,0,0
SE,Sweden,Kronoberg County,,2020-02-25,6,8,,2,0,0
SE,Sweden,Kronoberg County,,2020-02-26,1,-1,,0,1,0
SE,Sweden,Kronoberg County,,2020-02-27,7,7,,0,1,1
SE,Sweden,Kronoberg County,,2020-02-28,2,2,,-1,1,1
SE,Sweden,Kronoberg County,,2020-02-29,9,4,,5,0,
SE,Sweden,Kronoberg County,,2020-03-01,3,0,,-8,-4,
SE,Sweden,Kronoberg County,,2020-03-02,4,-3,,-6,-1,1
SE,Sweden,Kronoberg County,,2020-03-03,3,-1,,-3,0,1
SE,Sweden,Kronoberg County,,2020-03-04,4,1,,-6,0,1
SE,Sweden,Kronoberg County,,2020-03-05,2,3,,-4,0,1
SE,Sweden,Kronoberg County,,2020-03-06,2,0,,7,2,1
SE,Sweden,Kronoberg County,,2020-03-07,3,2,,16,3,
SE,Sweden,Kronoberg County,,2020-03-08,0,-2,,2,-4,
SE,Sweden,Kronoberg County,,2020-03-09,1,-2,,-9,-1,1
SE,Sweden,Kronoberg County,,2020-03-10,0,-2,,-4,0,1
SE,Sweden,Kronoberg County,,2020-03-11,-1,6,,-9,0,1
SE,Sweden,Kronoberg County,,2020-03-12,-13,6,,-17,-2,4
SE,Sweden,Kronoberg County,,2020-03-13,-14,7,,-20,-5,5
SE,Sweden,Kronoberg County,,2020-03-14,-18,10,,-7,-5,
SE,Sweden,Kronoberg County,,2020-03-15,-26,1,,-28,-12,
SE,Sweden,Kronoberg County,,2020-03-16,-18,1,,-30,-13,7
SE,Sweden,Kronoberg County,,2020-03-17,-21,0,,-27,-17,7
SE,Sweden,Kronoberg County,,2020-03-18,-25,-5,,-35,-26,10
SE,Sweden,Kronoberg County,,2020-03-19,-23,-2,,-33,-23,10
SE,Sweden,Kronoberg County,,2020-03-20,-20,-5,,-33,-22,10
SE,Sweden,Kronoberg County,,2020-03-21,-24,-4,,-16,-14,
SE,Sweden,Kronoberg County,,2020-03-22,-26,-9,,-30,-15,
SE,Sweden,Kronoberg County,,2020-03-23,-18,-6,,-36,-23,9
SE,Sweden,Kronoberg County,,2020-03-24,-20,-6,,-33,-23,9
SE,Sweden,Kronoberg County,,2020-03-25,-13,2,,-29,-21,8
SE,Sweden,Kronoberg County,,2020-03-26,-15,-1,,-31,-22,9
SE,Sweden,Kronoberg County,,2020-03-27,-14,-2,,-30,-21,8
SE,Sweden,Kronoberg County,,2020-03-28,-19,-4,,-12,-9,
SE,Sweden,Kronoberg County,,2020-03-29,-19,-6,,-35,-17,
SE,Sweden,Kronoberg County,,2020-03-30,-13,-7,,-36,-24,9
SE,Sweden,Kronoberg County,,2020-03-31,-17,-7,,-33,-24,8
SE,Sweden,Kronoberg County,,2020-04-01,-19,-4,,-36,-23,9
SE,Sweden,Kronoberg County,,2020-04-02,-24,-6,,-38,-25,11
SE,Sweden,Kronoberg County,,2020-04-03,-22,-8,,-40,-24,10
SE,Sweden,Kronoberg County,,2020-04-04,-22,-5,,-15,-14,
SE,Sweden,Kronoberg County,,2020-04-05,-23,-7,,-29,-18,
SE,Sweden,Kronoberg County,,2020-04-06,-2,-2,,-34,-33,9
SE,Sweden,Kronoberg County,,2020-04-07,-3,5,,-28,-33,9
SE,Sweden,Kronoberg County,,2020-04-08,0,12,,-28,-34,8
SE,Sweden,Kronoberg County,,2020-04-09,5,19,,-30,-42,10
SE,Sweden,Kronoberg County,,2020-04-10,-50,-23,,-56,-81,20
SE,Sweden,Kronoberg County,,2020-04-11,-36,-13,,-25,-20,
SE,Sweden,Kronoberg County,,2020-04-12,-26,-13,,-34,-22,
SE,Sweden,Kronoberg County,,2020-04-13,-36,-23,,-60,-83,23
SE,Sweden,Kronoberg County,,2020-04-14,-13,-6,,-28,-23,8
SE,Sweden,Kronoberg County,,2020-04-15,-16,-3,,-31,-22,8
SE,Sweden,Kronoberg County,,2020-04-16,-16,-3,,-30,-23,9
SE,Sweden,Kronoberg County,,2020-04-17,-17,-3,,-30,-22,8
SE,Sweden,Norrbotten County,,2020-02-15,14,0,27,9,0,-1
SE,Sweden,Norrbotten County,,2020-02-16,-11,-8,-14,0,-2,1
SE,Sweden,Norrbotten County,,2020-02-17,-2,1,26,8,1,1
SE,Sweden,Norrbotten County,,2020-02-18,2,2,29,4,1,0
SE,Sweden,Norrbotten County,,2020-02-19,0,0,23,5,1,0
SE,Sweden,Norrbotten County,,2020-02-20,2,5,10,0,1,1
SE,Sweden,Norrbotten County,,2020-02-21,6,1,33,8,0,0
SE,Sweden,Norrbotten County,,2020-02-22,15,1,94,16,-2,-1
SE,Sweden,Norrbotten County,,2020-02-23,7,2,77,15,2,-2
SE,Sweden,Norrbotten County,,2020-02-24,2,1,11,3,0,1
SE,Sweden,Norrbotten County,,2020-02-25,14,17,41,4,1,-1
SE,Sweden,Norrbotten County,,2020-02-26,8,2,26,2,0,0
SE,Sweden,Norrbotten County,,2020-02-27,16,8,26,8,0,0
SE,Sweden,Norrbotten County,,2020-02-28,11,4,47,10,-3,0
SE,Sweden,Norrbotten County,,2020-02-29,18,4,69,12,-3,-1
SE,Sweden,Norrbotten County,,2020-03-01,3,3,33,6,0,-1
SE,Sweden,Norrbotten County,,2020-03-02,13,8,28,0,-18,3
SE,Sweden,Norrbotten County,,2020-03-03,11,6,60,-7,-17,1
SE,Sweden,Norrbotten County,,2020-03-04,8,8,32,-7,-18,2
SE,Sweden,Norrbotten County,,2020-03-05,2,3,23,-7,-19,3
SE,Sweden,Norrbotten County,,2020-03-06,1,2,103,-6,-23,2
SE,Sweden,Norrbotten County,,2020-03-07,-1,0,,10,-5,-4
SE,Sweden,Norrbotten County,,2020-03-08,5,2,19,0,-1,-3
SE,Sweden,Norrbotten County,,2020-03-09,2,2,22,3,-1,0
SE,Sweden,Norrbotten County,,2020-03-10,2,4,44,2,0,0
SE,Sweden,Norrbotten County,,2020-03-11,-5,3,3,-2,-1,1
SE,Sweden,Norrbotten County,,2020-03-12,-1,16,12,-4,-2,2
SE,Sweden,Norrbotten County,,2020-03-13,-11,5,38,-14,-7,2
SE,Sweden,Norrbotten County,,2020-03-14,-20,1,150,-4,-8,0
SE,Sweden,Norrbotten County,,2020-03-15,-17,3,53,-13,-5,0
SE,Sweden,Norrbotten County,,2020-03-16,-13,4,12,-18,-9,4
SE,Sweden,Norrbotten County,,2020-03-17,-16,3,2,-23,-11,5
SE,Sweden,Norrbotten County,,2020-03-18,-17,-1,35,-22,-16,6
SE,Sweden,Norrbotten County,,2020-03-19,-16,-1,13,-28,-16,7
SE,Sweden,Norrbotten County,,2020-03-20,-20,-9,66,-31,-19,6
SE,Sweden,Norrbotten County,,2020-03-21,-35,-15,,-19,-16,1
SE,Sweden,Norrbotten County,,2020-03-22,-28,-10,35,-35,-11,1
SE,Sweden,Norrbotten County,,2020-03-23,-22,-10,2,-35,-18,7
SE,Sweden,Norrbotten County,,2020-03-24,-21,-10,13,-31,-18,7
SE,Sweden,Norrbotten County,,2020-03-25,-17,-2,3,-32,-19,8
SE,Sweden,Norrbotten County,,2020-03-26,-14,-4,46,-31,-19,7
SE,Sweden,Norrbotten County,,2020-03-27,-16,-7,51,-36,-20,7
SE,Sweden,Norrbotten County,,2020-03-28,-28,-13,69,-28,-17,3
SE,Sweden,Norrbotten County,,2020-03-29,-30,-14,60,-38,-15,2
SE,Sweden,Norrbotten County,,2020-03-30,-20,-11,12,-36,-21,7
SE,Sweden,Norrbotten County,,2020-03-31,-20,-11,0,-36,-21,8
SE,Sweden,Norrbotten County,,2020-04-01,-21,-8,16,-33,-21,8
SE,Sweden,Norrbotten County,,2020-04-02,-24,-7,-4,-40,-22,9
SE,Sweden,Norrbotten County,,2020-04-03,-25,-11,42,-39,-23,8
SE,Sweden,Norrbotten County,,2020-04-04,-34,-15,115,-28,-19,3
SE,Sweden,Norrbotten County,,2020-04-05,-31,-10,110,-35,-18,2
SE,Sweden,Norrbotten County,,2020-04-06,-17,-7,-2,-39,-24,8
SE,Sweden,Norrbotten County,,2020-04-07,-12,1,38,-30,-24,7
SE,Sweden,Norrbotten County,,2020-04-08,-9,10,33,-32,-25,6
SE,Sweden,Norrbotten County,,2020-04-09,-13,16,112,-31,-37,7
SE,Sweden,Norrbotten County,,2020-04-10,-69,-37,,-58,-77,18
SE,Sweden,Norrbotten County,,2020-04-11,-59,-29,,-25,-27,0
SE,Sweden,Norrbotten County,,2020-04-12,-57,-29,36,-56,-27,5
SE,Sweden,Norrbotten County,,2020-04-13,-61,-31,8,-64,-79,21
SE,Sweden,Norrbotten County,,2020-04-14,-17,-6,48,-34,-36,9
SE,Sweden,Norrbotten County,,2020-04-15,-21,-10,58,-36,-36,10
SE,Sweden,Norrbotten County,,2020-04-16,-17,-7,96,-33,-34,9
SE,Sweden,Norrbotten County,,2020-04-17,-23,-12,81,-44,-36,9
SE,Sweden,Örebro County,,2020-02-15,1,-3,2,2,-1,1
SE,Sweden,Örebro County,,2020-02-16,-14,-9,-51,-12,-3,2
SE,Sweden,Örebro County,,2020-02-17,-8,-9,-21,-18,-15,3
SE,Sweden,Örebro County,,2020-02-18,3,-2,,-13,-15,2
SE,Sweden,Örebro County,,2020-02-19,5,-3,,-10,-16,2
SE,Sweden,Örebro County,,2020-02-20,2,-3,0,-15,-18,3
SE,Sweden,Örebro County,,2020-02-21,5,-5,31,-13,-20,3
SE,Sweden,Örebro County,,2020-02-22,-3,-6,-28,-8,-3,1
SE,Sweden,Örebro County,,2020-02-23,2,-1,27,3,-3,-1
SE,Sweden,Örebro County,,2020-02-24,4,-1,,-4,-3,1
SE,Sweden,Örebro County,,2020-02-25,12,11,,-1,1,0
SE,Sweden,Örebro County,,2020-02-26,14,1,,-1,2,0
SE,Sweden,Örebro County,,2020-02-27,19,4,2,-2,1,0
SE,Sweden,Örebro County,,2020-02-28,15,1,19,0,2,0
SE,Sweden,Örebro County,,2020-02-29,10,4,0,3,0,1
SE,Sweden,Örebro County,,2020-03-01,-2,-6,-42,-5,-3,1
SE,Sweden,Örebro County,,2020-03-02,5,1,12,0,1,0
SE,Sweden,Örebro County,,2020-03-03,-2,1,-12,-6,0,1
SE,Sweden,Örebro County,,2020-03-04,2,-3,-2,-5,1,1
SE,Sweden,Örebro County,,2020-03-05,5,1,-8,-6,1,1
SE,Sweden,Örebro County,,2020-03-06,6,-2,9,-2,2,1
SE,Sweden,Örebro County,,2020-03-07,2,2,26,5,-1,1
SE,Sweden,Örebro County,,2020-03-08,1,-4,-19,-8,-1,1
SE,Sweden,Örebro County,,2020-03-09,-2,-2,15,-6,0,1
SE,Sweden,Örebro County,,2020-03-10,3,1,,-8,0,1
SE,Sweden,Örebro County,,2020-03-11,-2,0,,-9,-3,2
SE,Sweden,Örebro County,,2020-03-12,-12,5,-16,-12,-3,3
SE,Sweden,Örebro County,,2020-03-13,-10,2,7,-19,-5,4
SE,Sweden,Örebro County,,2020-03-14,-20,5,74,-7,-3,3
SE,Sweden,Örebro County,,2020-03-15,-23,-3,-34,-26,-8,4
SE,Sweden,Örebro County,,2020-03-16,-16,-1,,-19,-13,6
SE,Sweden,Örebro County,,2020-03-17,-22,-2,,-28,-17,7
SE,Sweden,Örebro County,,2020-03-18,-24,-5,0,-33,-22,9
SE,Sweden,Örebro County,,2020-03-19,-17,-3,,-31,-22,9
SE,Sweden,Örebro County,,2020-03-20,-19,-8,9,-35,-22,9
SE,Sweden,Örebro County,,2020-03-21,-27,-5,95,-21,-10,5
SE,Sweden,Örebro County,,2020-03-22,-23,-8,80,-26,-14,4
SE,Sweden,Örebro County,,2020-03-23,-21,-11,0,-37,-21,8
SE,Sweden,Örebro County,,2020-03-24,-22,-8,,-31,-22,9
SE,Sweden,Örebro County,,2020-03-25,-16,-2,,-30,-22,8
SE,Sweden,Örebro County,,2020-03-26,-14,-2,,-29,-23,9
SE,Sweden,Örebro County,,2020-03-27,-11,-7,,-31,-22,8
SE,Sweden,Örebro County,,2020-03-28,-24,-5,60,-25,-13,5
SE,Sweden,Örebro County,,2020-03-29,-18,-7,59,-28,-18,5
SE,Sweden,Örebro County,,2020-03-30,-15,-10,,-34,-23,8
SE,Sweden,Örebro County,,2020-03-31,-15,-8,,-30,-23,8
SE,Sweden,Örebro County,,2020-04-01,-18,-6,,-30,-23,9
SE,Sweden,Örebro County,,2020-04-02,-24,-10,-12,-39,-25,11
SE,Sweden,Örebro County,,2020-04-03,-18,-7,29,-33,-25,10
SE,Sweden,Örebro County,,2020-04-04,-27,-5,95,-20,-14,6
SE,Sweden,Örebro County,,2020-04-05,-26,-7,34,-33,-17,6
SE,Sweden,Örebro County,,2020-04-06,-4,-3,,-27,-32,8
SE,Sweden,Örebro County,,2020-04-07,-6,1,,-30,-33,9
SE,Sweden,Örebro County,,2020-04-08,0,7,,-30,-34,9
SE,Sweden,Örebro County,,2020-04-09,5,19,,-31,-42,10
SE,Sweden,Örebro County,,2020-04-10,-41,-21,,-48,-79,19
SE,Sweden,Örebro County,,2020-04-11,-47,-15,,-26,-22,5
SE,Sweden,Örebro County,,2020-04-12,-33,-14,22,-40,-25,5
SE,Sweden,Örebro County,,2020-04-13,-35,-21,,-55,-81,22
SE,Sweden,Örebro County,,2020-04-14,-13,-5,,-30,-23,7
SE,Sweden,Örebro County,,2020-04-15,-11,-5,,-24,-22,8
SE,Sweden,Örebro County,,2020-04-16,-12,-3,,-31,-23,9
SE,Sweden,Örebro County,,2020-04-17,-10,-3,,-30,-24,9
SE,Sweden,Östergötland County,,2020-02-15,6,-3,-7,2,-3,0
SE,Sweden,Östergötland County,,2020-02-16,-11,-8,-40,-9,-4,1
SE,Sweden,Östergötland County,,2020-02-17,-4,-8,-5,-16,-16,4
SE,Sweden,Östergötland County,,2020-02-18,-1,-5,5,-15,-15,3
SE,Sweden,Östergötland County,,2020-02-19,4,-2,17,-15,-16,2
SE,Sweden,Östergötland County,,2020-02-20,5,-5,6,-12,-17,3
SE,Sweden,Östergötland County,,2020-02-21,8,-5,18,-12,-18,3
SE,Sweden,Östergötland County,,2020-02-22,-3,-6,-30,-6,-7,1
SE,Sweden,Östergötland County,,2020-02-23,2,-4,-8,1,-1,0
SE,Sweden,Östergötland County,,2020-02-24,0,-2,26,-3,2,0
SE,Sweden,Östergötland County,,2020-02-25,9,8,-8,0,4,0
SE,Sweden,Östergötland County,,2020-02-26,5,-2,-12,-1,2,1
SE,Sweden,Östergötland County,,2020-02-27,7,-4,-6,5,4,1
SE,Sweden,Östergötland County,,2020-02-28,10,-1,24,6,3,0
SE,Sweden,Östergötland County,,2020-02-29,7,1,-10,4,1,1
SE,Sweden,Östergötland County,,2020-03-01,4,-5,-17,0,0,1
SE,Sweden,Östergötland County,,2020-03-02,0,-5,2,-3,1,1
SE,Sweden,Östergötland County,,2020-03-03,3,-2,1,-4,2,0
SE,Sweden,Östergötland County,,2020-03-04,1,-5,-10,-6,1,1
SE,Sweden,Östergötland County,,2020-03-05,3,-3,6,-1,3,0
SE,Sweden,Östergötland County,,2020-03-06,4,-2,31,-1,3,0
SE,Sweden,Östergötland County,,2020-03-07,6,-2,8,0,1,0
SE,Sweden,Östergötland County,,2020-03-08,4,-6,-1,-1,0,0
SE,Sweden,Östergötland County,,2020-03-09,0,-6,29,-4,1,1
SE,Sweden,Östergötland County,,2020-03-10,-3,-3,16,-5,1,1
SE,Sweden,Östergötland County,,2020-03-11,-3,-2,7,-11,-1,1
SE,Sweden,Östergötland County,,2020-03-12,-9,5,-13,-13,-2,3
SE,Sweden,Östergötland County,,2020-03-13,-9,6,1,-19,-6,5
SE,Sweden,Östergötland County,,2020-03-14,-17,5,72,-16,-7,4
SE,Sweden,Östergötland County,,2020-03-15,-21,-6,-6,-26,-7,4
SE,Sweden,Östergötland County,,2020-03-16,-17,0,12,-26,-19,8
SE,Sweden,Östergötland County,,2020-03-17,-22,-2,24,-30,-22,9
SE,Sweden,Östergötland County,,2020-03-18,-22,-5,10,-37,-27,11
SE,Sweden,Östergötland County,,2020-03-19,-19,-5,71,-33,-27,11
SE,Sweden,Östergötland County,,2020-03-20,-20,-10,18,-38,-27,12
SE,Sweden,Östergötland County,,2020-03-21,-25,-8,87,-28,-13,6
SE,Sweden,Östergötland County,,2020-03-22,-24,-12,78,-32,-13,5
SE,Sweden,Östergötland County,,2020-03-23,-21,-12,35,-36,-26,10
SE,Sweden,Östergötland County,,2020-03-24,-21,-10,65,-33,-27,10
SE,Sweden,Östergötland County,,2020-03-25,-11,-3,63,-34,-26,10
SE,Sweden,Östergötland County,,2020-03-26,-11,-7,100,-30,-25,10
SE,Sweden,Östergötland County,,2020-03-27,-12,-10,100,-33,-26,10
SE,Sweden,Östergötland County,,2020-03-28,-22,-7,80,-27,-16,6
SE,Sweden,Östergötland County,,2020-03-29,-18,-12,60,-33,-17,5
SE,Sweden,Östergötland County,,2020-03-30,-17,-14,30,-37,-27,10
SE,Sweden,Östergötland County,,2020-03-31,-18,-10,61,-35,-27,10
SE,Sweden,Östergötland County,,2020-04-01,-17,-8,45,-37,-27,10
SE,Sweden,Östergötland County,,2020-04-02,-21,-11,12,-39,-27,12
SE,Sweden,Östergötland County,,2020-04-03,-18,-8,48,-39,-28,11
SE,Sweden,Östergötland County,,2020-04-04,-25,-7,75,-30,-18,6
SE,Sweden,Östergötland County,,2020-04-05,-20,-11,72,-35,-17,6
SE,Sweden,Östergötland County,,2020-04-06,-4,-2,,-32,-37,10
SE,Sweden,Östergötland County,,2020-04-07,-6,2,117,-34,-37,11
SE,Sweden,Östergötland County,,2020-04-08,3,7,129,-33,-38,10
SE,Sweden,Östergötland County,,2020-04-09,6,15,124,-34,-43,11
SE,Sweden,Östergötland County,,2020-04-10,-38,-17,208,-56,-80,20
SE,Sweden,Östergötland County,,2020-04-11,-40,-16,118,-34,-23,5
SE,Sweden,Östergötland County,,2020-04-12,-28,-17,55,-40,-23,5
SE,Sweden,Östergötland County,,2020-04-13,-31,-19,62,-63,-82,23
SE,Sweden,Östergötland County,,2020-04-14,-15,-10,53,-32,-25,9
SE,Sweden,Östergötland County,,2020-04-15,-12,-6,102,-32,-26,9
SE,Sweden,Östergötland County,,2020-04-16,-13,-6,85,-31,-24,10
SE,Sweden,Östergötland County,,2020-04-17,-11,-4,97,-35,-25,9
SE,Sweden,Skåne County,,2020-02-15,-1,-3,-15,4,-2,1
SE,Sweden,Skåne County,,2020-02-16,-16,-10,-44,-12,-5,2
SE,Sweden,Skåne County,,2020-02-17,-3,-5,-12,-13,-17,3
SE,Sweden,Skåne County,,2020-02-18,0,-3,11,-10,-17,3
SE,Sweden,Skåne County,,2020-02-19,-1,-3,-2,-10,-17,3
SE,Sweden,Skåne County,,2020-02-20,1,-1,-12,-13,-19,3
SE,Sweden,Skåne County,,2020-02-21,1,-2,23,-11,-21,3
SE,Sweden,Skåne County,,2020-02-22,-6,-6,-31,-4,-5,1
SE,Sweden,Skåne County,,2020-02-23,-9,-3,-22,-3,-1,1
SE,Sweden,Skåne County,,2020-02-24,-2,0,1,-2,1,0
SE,Sweden,Skåne County,,2020-02-25,7,7,0,1,3,0
SE,Sweden,Skåne County,,2020-02-26,2,2,-3,1,2,0
SE,Sweden,Skåne County,,2020-02-27,16,7,32,4,2,0
SE,Sweden,Skåne County,,2020-02-28,6,3,15,1,2,0
SE,Sweden,Skåne County,,2020-02-29,9,2,-19,5,-1,1
SE,Sweden,Skåne County,,2020-03-01,3,2,-13,-2,1,1
SE,Sweden,Skåne County,,2020-03-02,5,1,16,-3,0,1
SE,Sweden,Skåne County,,2020-03-03,2,1,9,-3,0,1
SE,Sweden,Skåne County,,2020-03-04,-1,2,3,-1,1,1
SE,Sweden,Skåne County,,2020-03-05,4,4,22,-1,2,0
SE,Sweden,Skåne County,,2020-03-06,-1,2,8,-3,1,1
SE,Sweden,Skåne County,,2020-03-07,8,4,26,7,2,1
SE,Sweden,Skåne County,,2020-03-08,0,0,3,-2,1,1
SE,Sweden,Skåne County,,2020-03-09,-4,-1,-8,-6,1,1
SE,Sweden,Skåne County,,2020-03-10,-4,-2,-6,-8,1,1
SE,Sweden,Skåne County,,2020-03-11,-5,3,19,-6,0,1
SE,Sweden,Skåne County,,2020-03-12,-13,11,-19,-16,-5,4
SE,Sweden,Skåne County,,2020-03-13,-16,9,-14,-23,-10,6
SE,Sweden,Skåne County,,2020-03-14,-14,11,85,-14,-4,3
SE,Sweden,Skåne County,,2020-03-15,-28,-3,-24,-34,-9,5
SE,Sweden,Skåne County,,2020-03-16,-18,3,14,-28,-18,8
SE,Sweden,Skåne County,,2020-03-17,-22,-1,25,-32,-21,9
SE,Sweden,Skåne County,,2020-03-18,-27,-4,-11,-39,-27,12
SE,Sweden,Skåne County,,2020-03-19,-18,-1,85,-37,-27,11
SE,Sweden,Skåne County,,2020-03-20,-22,-4,43,-41,-28,12
SE,Sweden,Skåne County,,2020-03-21,-22,-3,99,-29,-11,5
SE,Sweden,Skåne County,,2020-03-22,-28,-9,37,-39,-13,5
SE,Sweden,Skåne County,,2020-03-23,-19,-6,35,-39,-26,10
SE,Sweden,Skåne County,,2020-03-24,-21,-6,54,-39,-26,11
SE,Sweden,Skåne County,,2020-03-25,-16,1,48,-38,-26,11
SE,Sweden,Skåne County,,2020-03-26,-15,-1,70,-39,-26,11
SE,Sweden,Skåne County,,2020-03-27,-17,-3,89,-39,-27,11
SE,Sweden,Skåne County,,2020-03-28,-18,-1,96,-29,-11,5
SE,Sweden,Skåne County,,2020-03-29,-23,-8,23,-43,-16,6
SE,Sweden,Skåne County,,2020-03-30,-16,-8,30,-40,-26,10
SE,Sweden,Skåne County,,2020-03-31,-15,-5,67,-38,-26,10
SE,Sweden,Skåne County,,2020-04-01,-23,-6,-1,-42,-26,11
SE,Sweden,Skåne County,,2020-04-02,-22,-5,2,-44,-27,12
SE,Sweden,Skåne County,,2020-04-03,-23,-6,16,-44,-28,12
SE,Sweden,Skåne County,,2020-04-04,-19,-4,75,-33,-14,6
SE,Sweden,Skåne County,,2020-04-05,-17,-4,117,-36,-13,4
SE,Sweden,Skåne County,,2020-04-06,-3,-1,116,-38,-36,10
SE,Sweden,Skåne County,,2020-04-07,-3,5,144,-36,-36,10
SE,Sweden,Skåne County,,2020-04-08,-2,8,113,-37,-37,10
SE,Sweden,Skåne County,,2020-04-09,7,19,121,-40,-44,11
SE,Sweden,Skåne County,,2020-04-10,-37,-14,197,-59,-79,20
SE,Sweden,Skåne County,,2020-04-11,-32,-12,98,-38,-20,5
SE,Sweden,Skåne County,,2020-04-12,-24,-12,119,-38,-15,4
SE,Sweden,Skåne County,,2020-04-13,-29,-17,75,-65,-81,23
SE,Sweden,Skåne County,,2020-04-14,-14,-5,48,-38,-24,9
SE,Sweden,Skåne County,,2020-04-15,-17,-5,48,-39,-24,10
SE,Sweden,Skåne County,,2020-04-16,-13,-2,73,-38,-25,10
SE,Sweden,Skåne County,,2020-04-17,-14,-1,118,-38,-25,9
SE,Sweden,Södermanland County,,2020-02-15,-3,-4,-1,-4,-2,1
SE,Sweden,Södermanland County,,2020-02-16,-13,-8,-33,-7,-2,1
SE,Sweden,Södermanland County,,2020-02-17,-6,-6,,-10,-17,3
SE,Sweden,Södermanland County,,2020-02-18,-2,-3,,-7,-15,3
SE,Sweden,Södermanland County,,2020-02-19,2,-2,,-9,-15,2
SE,Sweden,Södermanland County,,2020-02-20,1,-3,2,-10,-18,3
SE,Sweden,Södermanland County,,2020-02-21,1,-4,20,-1,-20,3
SE,Sweden,Södermanland County,,2020-02-22,-6,-6,-16,-7,-5,1
SE,Sweden,Södermanland County,,2020-02-23,2,1,17,2,1,0
SE,Sweden,Södermanland County,,2020-02-24,1,-2,,1,2,0
SE,Sweden,Södermanland County,,2020-02-25,17,11,,3,1,0
SE,Sweden,Södermanland County,,2020-02-26,7,0,-12,-3,1,1
SE,Sweden,Södermanland County,,2020-02-27,2,-3,-15,1,0,1
SE,Sweden,Södermanland County,,2020-02-28,15,2,20,6,0,0
SE,Sweden,Södermanland County,,2020-02-29,22,4,-4,0,3,0
SE,Sweden,Södermanland County,,2020-03-01,5,-1,-22,-4,-1,1
SE,Sweden,Södermanland County,,2020-03-02,1,1,,-1,2,1
SE,Sweden,Södermanland County,,2020-03-03,1,1,,-5,1,1
SE,Sweden,Södermanland County,,2020-03-04,-5,-4,-17,-11,-1,2
SE,Sweden,Södermanland County,,2020-03-05,2,1,-2,-2,-1,1
SE,Sweden,Södermanland County,,2020-03-06,2,0,26,2,0,1
SE,Sweden,Södermanland County,,2020-03-07,4,2,-3,-3,-1,0
SE,Sweden,Södermanland County,,2020-03-08,2,-1,-4,-3,0,0
SE,Sweden,Södermanland County,,2020-03-09,0,0,,-1,-1,1
SE,Sweden,Södermanland County,,2020-03-10,-3,2,,-4,0,1
SE,Sweden,Södermanland County,,2020-03-11,-3,1,-6,-11,-4,2
SE,Sweden,Södermanland County,,2020-03-12,-11,10,-17,-15,-3,3
SE,Sweden,Södermanland County,,2020-03-13,-8,5,22,-16,-7,4
SE,Sweden,Södermanland County,,2020-03-14,-13,9,49,-14,-8,4
SE,Sweden,Södermanland County,,2020-03-15,-20,2,-12,-31,-10,4
SE,Sweden,Södermanland County,,2020-03-16,-18,3,,-28,-13,6
SE,Sweden,Södermanland County,,2020-03-17,-22,0,,-31,-18,8
SE,Sweden,Södermanland County,,2020-03-18,-26,-2,-19,-40,-25,10
SE,Sweden,Södermanland County,,2020-03-19,-19,-2,,-35,-26,10
SE,Sweden,Södermanland County,,2020-03-20,-21,-4,10,-42,-28,11
SE,Sweden,Södermanland County,,2020-03-21,-21,-2,50,-35,-13,6
SE,Sweden,Södermanland County,,2020-03-22,-20,-7,54,-35,-15,5
SE,Sweden,Södermanland County,,2020-03-23,-23,-7,,-42,-27,10
SE,Sweden,Södermanland County,,2020-03-24,-21,-7,,-37,-27,10
SE,Sweden,Södermanland County,,2020-03-25,-15,3,,-39,-27,10
SE,Sweden,Södermanland County,,2020-03-26,-12,0,,-35,-28,10
SE,Sweden,Södermanland County,,2020-03-27,-13,-4,,-40,-28,10
SE,Sweden,Södermanland County,,2020-03-28,-18,-4,53,-33,-15,6
SE,Sweden,Södermanland County,,2020-03-29,-18,-7,46,-41,-19,5
SE,Sweden,Södermanland County,,2020-03-30,-19,-8,,-42,-28,11
SE,Sweden,Södermanland County,,2020-03-31,-17,-6,,-37,-28,10
SE,Sweden,Södermanland County,,2020-04-01,-19,-4,,-41,-28,10
SE,Sweden,Södermanland County,,2020-04-02,-20,-7,,-42,-30,12
SE,Sweden,Södermanland County,,2020-04-03,-19,-6,,-44,-30,12
SE,Sweden,Södermanland County,,2020-04-04,-23,-5,59,-39,-19,7
SE,Sweden,Södermanland County,,2020-04-05,-21,-9,41,-45,-20,6
SE,Sweden,Södermanland County,,2020-04-06,-9,0,,-38,-36,10
SE,Sweden,Södermanland County,,2020-04-07,-7,2,,-37,-37,10
SE,Sweden,Södermanland County,,2020-04-08,0,12,,-38,-38,10
SE,Sweden,Södermanland County,,2020-04-09,8,20,,-35,-44,12
SE,Sweden,Södermanland County,,2020-04-10,-40,-16,,-52,-78,20
SE,Sweden,Södermanland County,,2020-04-11,-37,-14,,-34,-20,6
SE,Sweden,Södermanland County,,2020-04-12,-28,-11,49,-43,-19,6
SE,Sweden,Södermanland County,,2020-04-13,-37,-16,,-57,-80,23
SE,Sweden,Södermanland County,,2020-04-14,-11,-6,,-37,-26,9
SE,Sweden,Södermanland County,,2020-04-15,-12,-1,,-34,-26,9
SE,Sweden,Södermanland County,,2020-04-16,-11,-3,,-37,-27,10
SE,Sweden,Södermanland County,,2020-04-17,-10,-2,,-39,-27,10
SE,Sweden,Stockholm County,,2020-02-15,3,0,-3,5,-1,1
SE,Sweden,Stockholm County,,2020-02-16,-7,-6,-25,-4,-3,2
SE,Sweden,Stockholm County,,2020-02-17,-3,-1,0,-1,1,1
SE,Sweden,Stockholm County,,2020-02-18,0,0,9,-1,2,0
SE,Sweden,Stockholm County,,2020-02-19,2,1,22,-1,2,0
SE,Sweden,Stockholm County,,2020-02-20,1,0,-1,-1,1,0
SE,Sweden,Stockholm County,,2020-02-21,5,2,17,3,1,0
SE,Sweden,Stockholm County,,2020-02-22,-2,-3,-21,-2,-4,1
SE,Sweden,Stockholm County,,2020-02-23,0,-3,23,2,0,-1
SE,Sweden,Stockholm County,,2020-02-24,1,-4,16,-7,-16,2
SE,Sweden,Stockholm County,,2020-02-25,6,3,2,-8,-16,2
SE,Sweden,Stockholm County,,2020-02-26,-1,-3,-10,-12,-17,2
SE,Sweden,Stockholm County,,2020-02-27,-3,-5,-15,-10,-19,3
SE,Sweden,Stockholm County,,2020-02-28,1,-4,4,-7,-21,3
SE,Sweden,Stockholm County,,2020-02-29,-2,-3,-4,1,-2,-1
SE,Sweden,Stockholm County,,2020-03-01,-8,-4,-26,-6,-4,0
SE,Sweden,Stockholm County,,2020-03-02,-1,3,6,-2,0,1
SE,Sweden,Stockholm County,,2020-03-03,-3,2,-5,-5,1,1
SE,Sweden,Stockholm County,,2020-03-04,-6,-2,-18,-6,0,2
SE,Sweden,Stockholm County,,2020-03-05,-2,3,-9,-6,0,1
SE,Sweden,Stockholm County,,2020-03-06,3,3,27,0,0,1
SE,Sweden,Stockholm County,,2020-03-07,4,3,14,3,1,1
SE,Sweden,Stockholm County,,2020-03-08,0,-1,5,-3,-1,1
SE,Sweden,Stockholm County,,2020-03-09,-3,0,11,-5,-1,1
SE,Sweden,Stockholm County,,2020-03-10,-5,2,-3,-7,-1,1
SE,Sweden,Stockholm County,,2020-03-11,-7,5,-4,-10,-3,3
SE,Sweden,Stockholm County,,2020-03-12,-16,12,-30,-20,-9,6
SE,Sweden,Stockholm County,,2020-03-13,-16,12,-3,-22,-18,9
SE,Sweden,Stockholm County,,2020-03-14,-20,8,21,-21,-7,5
SE,Sweden,Stockholm County,,2020-03-15,-28,-5,-19,-32,-12,5
SE,Sweden,Stockholm County,,2020-03-16,-23,3,-3,-31,-26,11
SE,Sweden,Stockholm County,,2020-03-17,-29,-1,-13,-40,-34,14
SE,Sweden,Stockholm County,,2020-03-18,-32,-5,-20,-45,-40,17
SE,Sweden,Stockholm County,,2020-03-19,-28,-3,20,-43,-41,16
SE,Sweden,Stockholm County,,2020-03-20,-32,-8,-18,-45,-41,17
SE,Sweden,Stockholm County,,2020-03-21,-33,-11,8,-40,-17,8
SE,Sweden,Stockholm County,,2020-03-22,-32,-13,36,-41,-19,6
SE,Sweden,Stockholm County,,2020-03-23,-33,-13,-13,-46,-41,17
SE,Sweden,Stockholm County,,2020-03-24,-32,-10,0,-46,-41,17
SE,Sweden,Stockholm County,,2020-03-25,-28,-3,2,-45,-41,16
SE,Sweden,Stockholm County,,2020-03-26,-27,-5,26,-44,-42,16
SE,Sweden,Stockholm County,,2020-03-27,-29,-7,14,-44,-41,17
SE,Sweden,Stockholm County,,2020-03-28,-32,-9,10,-42,-18,8
SE,Sweden,Stockholm County,,2020-03-29,-31,-14,24,-45,-21,7
SE,Sweden,Stockholm County,,2020-03-30,-34,-15,-25,-49,-43,17
SE,Sweden,Stockholm County,,2020-03-31,-30,-10,5,-47,-42,16
SE,Sweden,Stockholm County,,2020-04-01,-30,-7,20,-46,-42,16
SE,Sweden,Stockholm County,,2020-04-02,-33,-11,-15,-50,-43,18
SE,Sweden,Stockholm County,,2020-04-03,-33,-9,-16,-49,-44,18
SE,Sweden,Stockholm County,,2020-04-04,-32,-9,31,-42,-19,8
SE,Sweden,Stockholm County,,2020-04-05,-34,-15,12,-51,-22,8
SE,Sweden,Stockholm County,,2020-04-06,-22,-5,62,-45,-49,16
SE,Sweden,Stockholm County,,2020-04-07,-26,-5,11,-49,-49,17
SE,Sweden,Stockholm County,,2020-04-08,-19,3,54,-45,-49,15
SE,Sweden,Stockholm County,,2020-04-09,-15,12,36,-48,-55,17
SE,Sweden,Stockholm County,,2020-04-10,-46,-15,58,-60,-82,26
SE,Sweden,Stockholm County,,2020-04-11,-42,-17,44,-45,-27,7
SE,Sweden,Stockholm County,,2020-04-12,-41,-23,4,-54,-27,8
SE,Sweden,Stockholm County,,2020-04-13,-41,-19,21,-65,-84,26
SE,Sweden,Stockholm County,,2020-04-14,-29,-11,7,-48,-42,16
SE,Sweden,Stockholm County,,2020-04-15,-25,-7,52,-43,-41,15
SE,Sweden,Stockholm County,,2020-04-16,-27,-6,11,-47,-41,16
SE,Sweden,Stockholm County,,2020-04-17,-27,-5,18,-44,-42,16
SE,Sweden,Uppsala County,,2020-02-15,-5,-3,-14,-5,-5,0
SE,Sweden,Uppsala County,,2020-02-16,-11,-8,-43,-12,-2,1
SE,Sweden,Uppsala County,,2020-02-17,-7,-6,-5,-14,-18,3
SE,Sweden,Uppsala County,,2020-02-18,-5,-3,10,-14,-16,3
SE,Sweden,Uppsala County,,2020-02-19,2,-2,39,-9,-17,2
SE,Sweden,Uppsala County,,2020-02-20,-3,-2,-4,-13,-19,3
SE,Sweden,Uppsala County,,2020-02-21,0,-5,23,-13,-21,3
SE,Sweden,Uppsala County,,2020-02-22,-5,-6,-21,-7,-5,0
SE,Sweden,Uppsala County,,2020-02-23,-2,2,33,-2,-3,-1
SE,Sweden,Uppsala County,,2020-02-24,1,1,20,-3,1,0
SE,Sweden,Uppsala County,,2020-02-25,14,13,7,-1,2,0
SE,Sweden,Uppsala County,,2020-02-26,10,1,-3,-2,1,0
SE,Sweden,Uppsala County,,2020-02-27,5,3,-16,-2,0,1
SE,Sweden,Uppsala County,,2020-02-28,9,3,12,1,-1,1
SE,Sweden,Uppsala County,,2020-02-29,8,2,6,1,0,0
SE,Sweden,Uppsala County,,2020-03-01,-3,-5,-41,-10,-2,2
SE,Sweden,Uppsala County,,2020-03-02,0,4,12,-3,1,1
SE,Sweden,Uppsala County,,2020-03-03,-4,2,0,-4,2,1
SE,Sweden,Uppsala County,,2020-03-04,-7,-5,-28,5,0,2
SE,Sweden,Uppsala County,,2020-03-05,-2,1,0,3,1,1
SE,Sweden,Uppsala County,,2020-03-06,-2,1,14,3,0,1
SE,Sweden,Uppsala County,,2020-03-07,-3,2,9,13,-2,0
SE,Sweden,Uppsala County,,2020-03-08,-6,-3,-19,1,-2,1
SE,Sweden,Uppsala County,,2020-03-09,-6,1,22,-3,0,1
SE,Sweden,Uppsala County,,2020-03-10,-8,1,10,-1,2,1
SE,Sweden,Uppsala County,,2020-03-11,-7,3,3,-4,-1,2
SE,Sweden,Uppsala County,,2020-03-12,-9,15,1,-12,-5,4
SE,Sweden,Uppsala County,,2020-03-13,-12,11,12,-20,-11,6
SE,Sweden,Uppsala County,,2020-03-14,-20,10,45,-20,-7,4
SE,Sweden,Uppsala County,,2020-03-15,-27,2,-22,-30,-11,5
SE,Sweden,Uppsala County,,2020-03-16,-20,6,28,-27,-18,9
SE,Sweden,Uppsala County,,2020-03-17,-27,3,-7,-33,-23,11
SE,Sweden,Uppsala County,,2020-03-18,-26,1,5,-39,-30,13
SE,Sweden,Uppsala County,,2020-03-19,-21,2,73,-36,-30,13
SE,Sweden,Uppsala County,,2020-03-20,-26,-3,3,-42,-32,14
SE,Sweden,Uppsala County,,2020-03-21,-29,-5,47,-33,-18,7
SE,Sweden,Uppsala County,,2020-03-22,-30,-8,50,-34,-17,6
SE,Sweden,Uppsala County,,2020-03-23,-28,-6,15,-41,-30,13
SE,Sweden,Uppsala County,,2020-03-24,-29,-6,15,-41,-30,13
SE,Sweden,Uppsala County,,2020-03-25,-21,3,25,-39,-31,13
SE,Sweden,Uppsala County,,2020-03-26,-18,1,85,-35,-31,13
SE,Sweden,Uppsala County,,2020-03-27,-20,-2,57,-38,-31,13
SE,Sweden,Uppsala County,,2020-03-28,-26,-2,54,-34,-15,7
SE,Sweden,Uppsala County,,2020-03-29,-27,-9,35,-36,-18,7
SE,Sweden,Uppsala County,,2020-03-30,-28,-9,-3,-43,-31,14
SE,Sweden,Uppsala County,,2020-03-31,-24,-5,37,-41,-30,13
SE,Sweden,Uppsala County,,2020-04-01,-20,-1,64,-38,-30,13
SE,Sweden,Uppsala County,,2020-04-02,-25,-6,13,-44,-31,14
SE,Sweden,Uppsala County,,2020-04-03,-27,-4,3,-46,-32,15
SE,Sweden,Uppsala County,,2020-04-04,-28,-1,72,-37,-15,7
SE,Sweden,Uppsala County,,2020-04-05,-30,-7,26,-43,-20,8
SE,Sweden,Uppsala County,,2020-04-06,-13,1,,-39,-40,13
SE,Sweden,Uppsala County,,2020-04-07,-17,5,41,-44,-40,14
SE,Sweden,Uppsala County,,2020-04-08,-5,12,91,-41,-41,13
SE,Sweden,Uppsala County,,2020-04-09,0,21,91,-42,-49,14
SE,Sweden,Uppsala County,,2020-04-10,-46,-17,131,-60,-81,24
SE,Sweden,Uppsala County,,2020-04-11,-45,-13,103,-39,-22,6
SE,Sweden,Uppsala County,,2020-04-12,-39,-15,14,-43,-20,7
SE,Sweden,Uppsala County,,2020-04-13,-36,-14,62,-65,-83,25
SE,Sweden,Uppsala County,,2020-04-14,-20,-4,44,-39,-27,12
SE,Sweden,Uppsala County,,2020-04-15,-16,-2,,-35,-28,11
SE,Sweden,Uppsala County,,2020-04-16,-18,1,58,-39,-28,13
SE,Sweden,Uppsala County,,2020-04-17,-18,1,51,-41,-28,13
SE,Sweden,Varmland County,,2020-02-15,22,7,20,50,0,1
SE,Sweden,Varmland County,,2020-02-16,8,-4,-32,-3,-2,2
SE,Sweden,Varmland County,,2020-02-17,0,0,3,-1,1,1
SE,Sweden,Varmland County,,2020-02-18,2,1,19,2,1,0
SE,Sweden,Varmland County,,2020-02-19,13,4,33,4,2,0
SE,Sweden,Varmland County,,2020-02-20,13,3,-3,-1,1,1
SE,Sweden,Varmland County,,2020-02-21,10,2,16,2,1,0
SE,Sweden,Varmland County,,2020-02-22,6,1,-16,1,0,1
SE,Sweden,Varmland County,,2020-02-23,5,0,4,7,0,-1
SE,Sweden,Varmland County,,2020-02-24,9,1,30,-9,-16,2
SE,Sweden,Varmland County,,2020-02-25,15,10,7,-6,-15,2
SE,Sweden,Varmland County,,2020-02-26,14,3,8,-10,-16,2
SE,Sweden,Varmland County,,2020-02-27,18,4,11,-7,-19,2
SE,Sweden,Varmland County,,2020-02-28,13,-1,2,-8,-22,3
SE,Sweden,Varmland County,,2020-02-29,6,4,2,1,2,0
SE,Sweden,Varmland County,,2020-03-01,-2,-4,-35,-5,-5,1
SE,Sweden,Varmland County,,2020-03-02,6,5,2,-2,0,0
SE,Sweden,Varmland County,,2020-03-03,6,1,4,1,2,0
SE,Sweden,Varmland County,,2020-03-04,-1,2,-9,-4,1,2
SE,Sweden,Varmland County,,2020-03-05,-1,5,-6,-5,0,2
SE,Sweden,Varmland County,,2020-03-06,-1,3,4,-2,1,2
SE,Sweden,Varmland County,,2020-03-07,11,4,11,0,3,0
SE,Sweden,Varmland County,,2020-03-08,2,-3,-36,-10,-4,2
SE,Sweden,Varmland County,,2020-03-09,2,2,14,-2,-2,1
SE,Sweden,Varmland County,,2020-03-10,2,-1,3,-2,0,1
SE,Sweden,Varmland County,,2020-03-11,0,5,10,-3,0,2
SE,Sweden,Varmland County,,2020-03-12,0,14,-7,-7,-2,3
SE,Sweden,Varmland County,,2020-03-13,-7,6,-3,-12,-6,5
SE,Sweden,Varmland County,,2020-03-14,-18,4,22,-5,-2,3
SE,Sweden,Varmland County,,2020-03-15,-23,-3,-50,-27,-11,5
SE,Sweden,Varmland County,,2020-03-16,-16,3,15,-17,-11,6
SE,Sweden,Varmland County,,2020-03-17,-26,0,-7,-21,-14,7
SE,Sweden,Varmland County,,2020-03-18,-23,-4,-6,-27,-20,9
SE,Sweden,Varmland County,,2020-03-19,-23,-3,14,-23,-21,9
SE,Sweden,Varmland County,,2020-03-20,-24,-6,-1,-31,-22,9
SE,Sweden,Varmland County,,2020-03-21,-32,-8,17,-14,-10,5
SE,Sweden,Varmland County,,2020-03-22,-29,-9,-3,-22,-14,4
SE,Sweden,Varmland County,,2020-03-23,-21,-8,-9,-32,-19,8
SE,Sweden,Varmland County,,2020-03-24,-25,-7,-4,-26,-19,8
SE,Sweden,Varmland County,,2020-03-25,-16,1,-1,-28,-19,9
SE,Sweden,Varmland County,,2020-03-26,-18,-3,17,-25,-19,8
SE,Sweden,Varmland County,,2020-03-27,-16,-5,11,-29,-21,9
SE,Sweden,Varmland County,,2020-03-28,-27,-8,-2,-15,-9,5
SE,Sweden,Varmland County,,2020-03-29,-28,-11,0,-25,-13,5
SE,Sweden,Varmland County,,2020-03-30,-16,-8,5,-28,-20,8
SE,Sweden,Varmland County,,2020-03-31,-17,-4,20,-22,-19,7
SE,Sweden,Varmland County,,2020-04-01,-18,-3,5,-26,-21,8
SE,Sweden,Varmland County,,2020-04-02,-26,-7,-17,-33,-22,10
SE,Sweden,Varmland County,,2020-04-03,-21,-6,6,-31,-21,9
SE,Sweden,Varmland County,,2020-04-04,-31,-8,10,-17,-11,5
SE,Sweden,Varmland County,,2020-04-05,-33,-11,-19,-34,-15,6
SE,Sweden,Varmland County,,2020-04-06,-7,-2,59,-18,-21,7
SE,Sweden,Varmland County,,2020-04-07,-9,4,45,-14,-20,6
SE,Sweden,Varmland County,,2020-04-08,0,14,17,-18,-22,7
SE,Sweden,Varmland County,,2020-04-09,2,21,29,-16,-30,9
SE,Sweden,Varmland County,,2020-04-10,-47,-22,69,-37,-78,19
SE,Sweden,Varmland County,,2020-04-11,-49,-17,1,-19,-19,5
SE,Sweden,Varmland County,,2020-04-12,-38,-15,2,-29,-19,5
SE,Sweden,Varmland County,,2020-04-13,-40,-20,-5,-48,-80,22
SE,Sweden,Varmland County,,2020-04-14,-11,-4,9,-25,-30,8
SE,Sweden,Varmland County,,2020-04-15,-11,-3,49,-21,-30,9
SE,Sweden,Varmland County,,2020-04-16,-15,-3,30,-24,-31,10
SE,Sweden,Varmland County,,2020-04-17,-15,-4,31,-28,-33,10
SE,Sweden,Västerbotten County,,2020-02-15,16,1,38,-3,3,0
SE,Sweden,Västerbotten County,,2020-02-16,-14,-8,-42,-6,-2,2
SE,Sweden,Västerbotten County,,2020-02-17,1,2,15,3,0,1
SE,Sweden,Västerbotten County,,2020-02-18,1,2,17,3,-1,0
SE,Sweden,Västerbotten County,,2020-02-19,5,2,9,-1,0,0
SE,Sweden,Västerbotten County,,2020-02-20,7,6,1,-2,1,1
SE,Sweden,Västerbotten County,,2020-02-21,0,1,4,4,-2,0
SE,Sweden,Västerbotten County,,2020-02-22,12,1,25,9,2,-1
SE,Sweden,Västerbotten County,,2020-02-23,6,5,14,13,2,-1
SE,Sweden,Västerbotten County,,2020-02-24,3,3,6,-1,0,1
SE,Sweden,Västerbotten County,,2020-02-25,15,20,36,8,1,-1
SE,Sweden,Västerbotten County,,2020-02-26,12,3,12,4,0,0
SE,Sweden,Västerbotten County,,2020-02-27,17,11,16,2,2,0
SE,Sweden,Västerbotten County,,2020-02-28,10,2,23,8,-4,0
SE,Sweden,Västerbotten County,,2020-02-29,17,3,29,5,4,-2
SE,Sweden,Västerbotten County,,2020-03-01,4,2,-4,9,-4,-1
SE,Sweden,Västerbotten County,,2020-03-02,6,5,-1,-10,-17,3
SE,Sweden,Västerbotten County,,2020-03-03,8,6,26,-8,-17,2
SE,Sweden,Västerbotten County,,2020-03-04,4,3,2,-11,-17,2
SE,Sweden,Västerbotten County,,2020-03-05,0,-1,0,-11,-21,4
SE,Sweden,Västerbotten County,,2020-03-06,-4,-1,45,-11,-25,3
SE,Sweden,Västerbotten County,,2020-03-07,-2,0,119,4,-4,-2
SE,Sweden,Västerbotten County,,2020-03-08,-4,-1,-24,-2,0,-2
SE,Sweden,Västerbotten County,,2020-03-09,3,5,14,-1,0,0
SE,Sweden,Västerbotten County,,2020-03-10,9,4,26,2,1,-1
SE,Sweden,Västerbotten County,,2020-03-11,0,5,-6,-6,0,1
SE,Sweden,Västerbotten County,,2020-03-12,1,16,5,-9,-1,2
SE,Sweden,Västerbotten County,,2020-03-13,-13,7,6,-12,-5,3
SE,Sweden,Västerbotten County,,2020-03-14,-15,6,92,-10,-6,1
SE,Sweden,Västerbotten County,,2020-03-15,-21,2,-9,-15,-5,2
SE,Sweden,Västerbotten County,,2020-03-16,-12,5,2,-18,-11,5
SE,Sweden,Västerbotten County,,2020-03-17,-18,7,-5,-23,-11,6
SE,Sweden,Västerbotten County,,2020-03-18,-17,2,31,-23,-17,7
SE,Sweden,Västerbotten County,,2020-03-19,-17,1,10,-30,-18,8
SE,Sweden,Västerbotten County,,2020-03-20,-24,-3,27,-29,-21,8
SE,Sweden,Västerbotten County,,2020-03-21,-29,-6,120,-26,-17,3
SE,Sweden,Västerbotten County,,2020-03-22,-30,-8,13,-29,-16,3
SE,Sweden,Västerbotten County,,2020-03-23,-20,-7,9,-32,-23,9
SE,Sweden,Västerbotten County,,2020-03-24,-21,-3,20,-29,-23,9
SE,Sweden,Västerbotten County,,2020-03-25,-16,1,16,-30,-22,9
SE,Sweden,Västerbotten County,,2020-03-26,-13,2,28,-33,-23,9
SE,Sweden,Västerbotten County,,2020-03-27,-22,-5,13,-34,-24,9
SE,Sweden,Västerbotten County,,2020-03-28,-24,-5,52,-33,-18,5
SE,Sweden,Västerbotten County,,2020-03-29,-27,-10,34,-32,-18,3
SE,Sweden,Västerbotten County,,2020-03-30,-18,-8,22,-33,-24,8
SE,Sweden,Västerbotten County,,2020-03-31,-20,-4,5,-32,-24,9
SE,Sweden,Västerbotten County,,2020-04-01,-19,-3,23,-34,-25,9
SE,Sweden,Västerbotten County,,2020-04-02,-21,-3,-3,-38,-26,11
SE,Sweden,Västerbotten County,,2020-04-03,-30,-8,10,-38,-27,11
SE,Sweden,Västerbotten County,,2020-04-04,-29,-7,72,-33,-20,5
SE,Sweden,Västerbotten County,,2020-04-05,-29,-8,67,-35,-19,4
SE,Sweden,Västerbotten County,,2020-04-06,-17,-5,22,-37,-27,10
SE,Sweden,Västerbotten County,,2020-04-07,-17,5,30,-29,-28,9
SE,Sweden,Västerbotten County,,2020-04-08,-11,15,29,-31,-27,8
SE,Sweden,Västerbotten County,,2020-04-09,-8,21,65,-32,-37,9
SE,Sweden,Västerbotten County,,2020-04-10,-67,-30,112,-57,-82,21
SE,Sweden,Västerbotten County,,2020-04-11,-53,-25,188,-37,-29,2
SE,Sweden,Västerbotten County,,2020-04-12,-47,-21,-1,-51,-32,6
SE,Sweden,Västerbotten County,,2020-04-13,-55,-26,-24,-65,-83,23
SE,Sweden,Västerbotten County,,2020-04-14,-15,-2,33,-39,-40,11
SE,Sweden,Västerbotten County,,2020-04-15,-18,-6,55,-36,-38,11
SE,Sweden,Västerbotten County,,2020-04-16,-14,-4,55,-39,-39,11
SE,Sweden,Västerbotten County,,2020-04-17,-24,-8,41,-41,-40,12
SE,Sweden,Västernorrland County,,2020-02-15,2,2,,2,0,0
SE,Sweden,Västernorrland County,,2020-02-16,-11,-7,-35,-8,-5,1
SE,Sweden,Västernorrland County,,2020-02-17,-3,-1,,0,1,1
SE,Sweden,Västernorrland County,,2020-02-18,1,-1,,4,2,0
SE,Sweden,Västernorrland County,,2020-02-19,3,2,,-1,-1,0
SE,Sweden,Västernorrland County,,2020-02-20,3,4,,-4,0,1
SE,Sweden,Västernorrland County,,2020-02-21,8,0,,2,0,0
SE,Sweden,Västernorrland County,,2020-02-22,-2,-1,,-4,-1,0
SE,Sweden,Västernorrland County,,2020-02-23,0,3,12,4,0,0
SE,Sweden,Västernorrland County,,2020-02-24,3,2,,1,2,1
SE,Sweden,Västernorrland County,,2020-02-25,17,14,,5,2,-1
SE,Sweden,Västernorrland County,,2020-02-26,8,4,,3,1,0
SE,Sweden,Västernorrland County,,2020-02-27,15,9,,2,1,0
SE,Sweden,Västernorrland County,,2020-02-28,9,2,,5,-2,0
SE,Sweden,Västernorrland County,,2020-02-29,8,8,,13,5,-2
SE,Sweden,Västernorrland County,,2020-03-01,-5,-3,-16,-6,-3,0
SE,Sweden,Västernorrland County,,2020-03-02,-7,-9,,-15,-21,4
SE,Sweden,Västernorrland County,,2020-03-03,-2,-2,,-12,-20,3
SE,Sweden,Västernorrland County,,2020-03-04,-8,-12,,-18,-24,5
SE,Sweden,Västernorrland County,,2020-03-05,-5,-2,,-16,-25,4
SE,Sweden,Västernorrland County,,2020-03-06,-6,-3,,-11,-27,4
SE,Sweden,Västernorrland County,,2020-03-07,-15,-1,,7,-5,-1
SE,Sweden,Västernorrland County,,2020-03-08,-6,-3,-27,-9,-6,-1
SE,Sweden,Västernorrland County,,2020-03-09,3,2,,0,0,1
SE,Sweden,Västernorrland County,,2020-03-10,0,2,,2,1,0
SE,Sweden,Västernorrland County,,2020-03-11,-3,4,,-8,-1,2
SE,Sweden,Västernorrland County,,2020-03-12,-2,13,,-12,-2,2
SE,Sweden,Västernorrland County,,2020-03-13,-12,4,,-12,-6,3
SE,Sweden,Västernorrland County,,2020-03-14,-20,7,,-9,-4,2
SE,Sweden,Västernorrland County,,2020-03-15,-20,4,-14,-19,-7,3
SE,Sweden,Västernorrland County,,2020-03-16,-15,3,,-14,-9,5
SE,Sweden,Västernorrland County,,2020-03-17,-20,0,,-18,-10,5
SE,Sweden,Västernorrland County,,2020-03-18,-19,-1,,-22,-16,7
SE,Sweden,Västernorrland County,,2020-03-19,-16,2,,-28,-18,8
SE,Sweden,Västernorrland County,,2020-03-20,-20,-5,,-28,-21,8
SE,Sweden,Västernorrland County,,2020-03-21,-30,-4,,-14,-12,3
SE,Sweden,Västernorrland County,,2020-03-22,-27,-6,,-25,-12,3
SE,Sweden,Västernorrland County,,2020-03-23,-21,-8,,-29,-18,7
SE,Sweden,Västernorrland County,,2020-03-24,-21,-8,,-28,-19,8
SE,Sweden,Västernorrland County,,2020-03-25,-14,4,,-26,-18,8
SE,Sweden,Västernorrland County,,2020-03-26,-14,2,,-31,-19,8
SE,Sweden,Västernorrland County,,2020-03-27,-16,-5,,-27,-20,8
SE,Sweden,Västernorrland County,,2020-03-28,-24,-1,,-14,-14,4
SE,Sweden,Västernorrland County,,2020-03-29,-26,-9,,-26,-17,4
SE,Sweden,Västernorrland County,,2020-03-30,-18,-9,,-29,-19,8
SE,Sweden,Västernorrland County,,2020-03-31,-22,-9,,-29,-19,8
SE,Sweden,Västernorrland County,,2020-04-01,-20,-3,,-27,-19,8
SE,Sweden,Västernorrland County,,2020-04-02,-19,-3,,-34,-21,9
SE,Sweden,Västernorrland County,,2020-04-03,-27,-7,,-33,-22,10
SE,Sweden,Västernorrland County,,2020-04-04,-30,-1,,-20,-17,5
SE,Sweden,Västernorrland County,,2020-04-05,-27,-7,,-30,-17,5
SE,Sweden,Västernorrland County,,2020-04-06,-14,-5,,-26,-22,8
SE,Sweden,Västernorrland County,,2020-04-07,-13,2,,-26,-22,8
SE,Sweden,Västernorrland County,,2020-04-08,-6,16,,-23,-23,7
SE,Sweden,Västernorrland County,,2020-04-09,-3,22,,-28,-31,8
SE,Sweden,Västernorrland County,,2020-04-10,-61,-29,,-51,-79,20
SE,Sweden,Västernorrland County,,2020-04-11,-48,-15,,-16,-21,3
SE,Sweden,Västernorrland County,,2020-04-12,-38,-14,,-38,-22,5
SE,Sweden,Västernorrland County,,2020-04-13,-49,-26,,-60,-81,22
SE,Sweden,Västernorrland County,,2020-04-14,-15,-8,,-31,-35,10
SE,Sweden,Västernorrland County,,2020-04-15,-19,-3,,-28,-34,10
SE,Sweden,Västernorrland County,,2020-04-16,-13,-2,,-33,-35,11
SE,Sweden,Västernorrland County,,2020-04-17,-18,-5,,-30,-36,11
SE,Sweden,Västmanland County,,2020-02-15,4,-1,-10,8,0,1
SE,Sweden,Västmanland County,,2020-02-16,-6,-5,-48,-2,-5,2
SE,Sweden,Västmanland County,,2020-02-17,-4,-5,,-2,-1,1
SE,Sweden,Västmanland County,,2020-02-18,-1,3,,-4,0,1
SE,Sweden,Västmanland County,,2020-02-19,6,3,,3,1,0
SE,Sweden,Västmanland County,,2020-02-20,5,5,,-1,1,1
SE,Sweden,Västmanland County,,2020-02-21,10,2,,1,0,0
SE,Sweden,Västmanland County,,2020-02-22,8,-1,-41,0,1,1
SE,Sweden,Västmanland County,,2020-02-23,7,0,39,6,-1,0
SE,Sweden,Västmanland County,,2020-02-24,2,-3,,-10,-14,2
SE,Sweden,Västmanland County,,2020-02-25,13,10,,-10,-13,1
SE,Sweden,Västmanland County,,2020-02-26,10,0,,-12,-14,2
SE,Sweden,Västmanland County,,2020-02-27,11,-1,,-7,-17,2
SE,Sweden,Västmanland County,,2020-02-28,7,-2,,-4,-18,2
SE,Sweden,Västmanland County,,2020-02-29,9,2,-18,5,-1,0
SE,Sweden,Västmanland County,,2020-03-01,0,-4,-39,-5,-5,1
SE,Sweden,Västmanland County,,2020-03-02,3,3,,-2,1,0
SE,Sweden,Västmanland County,,2020-03-03,3,2,,-6,1,0
SE,Sweden,Västmanland County,,2020-03-04,-5,-4,,-7,0,1
SE,Sweden,Västmanland County,,2020-03-05,3,2,,-1,1,1
SE,Sweden,Västmanland County,,2020-03-06,2,1,,2,1,1
SE,Sweden,Västmanland County,,2020-03-07,4,4,16,11,2,0
SE,Sweden,Västmanland County,,2020-03-08,4,-4,-7,-7,-1,1
SE,Sweden,Västmanland County,,2020-03-09,-1,1,,-3,1,1
SE,Sweden,Västmanland County,,2020-03-10,0,2,,-7,1,1
SE,Sweden,Västmanland County,,2020-03-11,0,4,,-6,0,1
SE,Sweden,Västmanland County,,2020-03-12,-1,13,,-13,-2,3
SE,Sweden,Västmanland County,,2020-03-13,-10,7,,-17,-6,4
SE,Sweden,Västmanland County,,2020-03-14,-14,8,,-10,-5,4
SE,Sweden,Västmanland County,,2020-03-15,-20,1,-25,-29,-8,4
SE,Sweden,Västmanland County,,2020-03-16,-15,3,,-21,-12,6
SE,Sweden,Västmanland County,,2020-03-17,-22,2,,-34,-17,8
SE,Sweden,Västmanland County,,2020-03-18,-22,-2,,-39,-24,10
SE,Sweden,Västmanland County,,2020-03-19,-16,0,,-33,-24,9
SE,Sweden,Västmanland County,,2020-03-20,-22,-5,,-40,-25,10
SE,Sweden,Västmanland County,,2020-03-21,-21,-3,,-24,-11,6
SE,Sweden,Västmanland County,,2020-03-22,-21,-5,,-26,-12,5
SE,Sweden,Västmanland County,,2020-03-23,-22,-7,,-39,-24,10
SE,Sweden,Västmanland County,,2020-03-24,-23,-7,,-39,-24,10
SE,Sweden,Västmanland County,,2020-03-25,-13,2,,-37,-24,10
SE,Sweden,Västmanland County,,2020-03-26,-9,-1,,-33,-25,10
SE,Sweden,Västmanland County,,2020-03-27,-12,-3,,-35,-25,9
SE,Sweden,Västmanland County,,2020-03-28,-17,-6,,-27,-14,6
SE,Sweden,Västmanland County,,2020-03-29,-18,-7,,-32,-17,5
SE,Sweden,Västmanland County,,2020-03-30,-17,-9,,-39,-26,10
SE,Sweden,Västmanland County,,2020-03-31,-17,-4,,-37,-26,10
SE,Sweden,Västmanland County,,2020-04-01,-17,-3,,-38,-27,10
SE,Sweden,Västmanland County,,2020-04-02,-21,-9,,-43,-28,12
SE,Sweden,Västmanland County,,2020-04-03,-22,-3,,-39,-28,11
SE,Sweden,Västmanland County,,2020-04-04,-22,-3,,-31,-14,7
SE,Sweden,Västmanland County,,2020-04-05,-21,-7,43,-39,-18,6
SE,Sweden,Västmanland County,,2020-04-06,-6,-1,,-33,-35,10
SE,Sweden,Västmanland County,,2020-04-07,-10,4,,-41,-36,11
SE,Sweden,Västmanland County,,2020-04-08,-3,10,,-38,-37,10
SE,Sweden,Västmanland County,,2020-04-09,8,18,,-35,-44,11
SE,Sweden,Västmanland County,,2020-04-10,-40,-21,,-56,-79,20
SE,Sweden,Västmanland County,,2020-04-11,-38,-13,,-33,-20,6
SE,Sweden,Västmanland County,,2020-04-12,-27,-13,30,-44,-23,6
SE,Sweden,Västmanland County,,2020-04-13,-30,-22,,-61,-80,23
SE,Sweden,Västmanland County,,2020-04-14,-16,-5,,-36,-25,9
SE,Sweden,Västmanland County,,2020-04-15,-14,-3,,-29,-25,9
SE,Sweden,Västmanland County,,2020-04-16,-14,-1,,-31,-27,10
SE,Sweden,Västmanland County,,2020-04-17,-13,-1,,-34,-26,9
SE,Sweden,Västra Götaland County,,2020-02-15,-3,-1,13,1,-4,0
SE,Sweden,Västra Götaland County,,2020-02-16,-17,-11,-58,-20,-8,2
SE,Sweden,Västra Götaland County,,2020-02-17,-6,-4,-26,-6,-1,1
SE,Sweden,Västra Götaland County,,2020-02-18,0,1,14,-2,0,1
SE,Sweden,Västra Götaland County,,2020-02-19,5,3,34,1,0,0
SE,Sweden,Västra Götaland County,,2020-02-20,-1,0,-18,-5,-1,1
SE,Sweden,Västra Götaland County,,2020-02-21,4,1,8,1,-1,1
SE,Sweden,Västra Götaland County,,2020-02-22,0,0,-6,-4,-1,1
SE,Sweden,Västra Götaland County,,2020-02-23,1,-2,-26,-6,1,1
SE,Sweden,Västra Götaland County,,2020-02-24,1,1,14,3,2,0
SE,Sweden,Västra Götaland County,,2020-02-25,3,4,-8,1,2,1
SE,Sweden,Västra Götaland County,,2020-02-26,5,3,-1,-2,1,0
SE,Sweden,Västra Götaland County,,2020-02-27,7,7,19,3,2,0
SE,Sweden,Västra Götaland County,,2020-02-28,5,3,5,3,1,0
SE,Sweden,Västra Götaland County,,2020-02-29,7,3,-4,4,2,0
SE,Sweden,Västra Götaland County,,2020-03-01,-3,-3,-43,-9,-1,1
SE,Sweden,Västra Götaland County,,2020-03-02,2,3,8,-2,0,1
SE,Sweden,Västra Götaland County,,2020-03-03,2,3,15,-2,1,0
SE,Sweden,Västra Götaland County,,2020-03-04,0,1,0,-5,1,1
SE,Sweden,Västra Götaland County,,2020-03-05,0,3,18,-3,1,1
SE,Sweden,Västra Götaland County,,2020-03-06,2,1,19,-1,1,1
SE,Sweden,Västra Götaland County,,2020-03-07,4,6,65,6,2,0
SE,Sweden,Västra Götaland County,,2020-03-08,-5,-6,-42,-15,-2,1
SE,Sweden,Västra Götaland County,,2020-03-09,-3,1,-4,-5,-1,2
SE,Sweden,Västra Götaland County,,2020-03-10,-5,-1,-2,-6,1,1
SE,Sweden,Västra Götaland County,,2020-03-11,-4,5,15,-8,0,2
SE,Sweden,Västra Götaland County,,2020-03-12,-13,11,-25,-17,-3,4
SE,Sweden,Västra Götaland County,,2020-03-13,-15,9,-9,-21,-8,6
SE,Sweden,Västra Götaland County,,2020-03-14,-19,11,104,-12,-5,3
SE,Sweden,Västra Götaland County,,2020-03-15,-31,-6,-51,-38,-10,6
SE,Sweden,Västra Götaland County,,2020-03-16,-19,5,11,-23,-14,8
SE,Sweden,Västra Götaland County,,2020-03-17,-25,1,6,-30,-18,10
SE,Sweden,Västra Götaland County,,2020-03-18,-27,-4,11,-36,-25,12
SE,Sweden,Västra Götaland County,,2020-03-19,-24,-2,39,-35,-26,12
SE,Sweden,Västra Götaland County,,2020-03-20,-23,-5,34,-34,-26,12
SE,Sweden,Västra Götaland County,,2020-03-21,-27,-4,136,-23,-11,5
SE,Sweden,Västra Götaland County,,2020-03-22,-27,-9,48,-31,-13,5
SE,Sweden,Västra Götaland County,,2020-03-23,-24,-8,3,-37,-25,11
SE,Sweden,Västra Götaland County,,2020-03-24,-24,-7,37,-36,-25,11
SE,Sweden,Västra Götaland County,,2020-03-25,-18,0,29,-36,-26,11
SE,Sweden,Västra Götaland County,,2020-03-26,-18,-1,67,-33,-28,12
SE,Sweden,Västra Götaland County,,2020-03-27,-17,-4,68,-32,-29,12
SE,Sweden,Västra Götaland County,,2020-03-28,-24,-4,96,-27,-14,6
SE,Sweden,Västra Götaland County,,2020-03-29,-24,-9,38,-34,-18,6
SE,Sweden,Västra Götaland County,,2020-03-30,-17,-6,27,-35,-28,11
SE,Sweden,Västra Götaland County,,2020-03-31,-19,-6,49,-35,-28,11
SE,Sweden,Västra Götaland County,,2020-04-01,-20,-4,42,-37,-28,11
SE,Sweden,Västra Götaland County,,2020-04-02,-27,-7,-10,-43,-30,14
SE,Sweden,Västra Götaland County,,2020-04-03,-22,-5,32,-37,-30,13
SE,Sweden,Västra Götaland County,,2020-04-04,-29,-6,90,-32,-14,6
SE,Sweden,Västra Götaland County,,2020-04-05,-23,-8,75,-32,-18,5
SE,Sweden,Västra Götaland County,,2020-04-06,-8,0,129,-31,-37,11
SE,Sweden,Västra Götaland County,,2020-04-07,-7,5,131,-33,-37,11
SE,Sweden,Västra Götaland County,,2020-04-08,-6,9,89,-36,-38,11
SE,Sweden,Västra Götaland County,,2020-04-09,1,21,125,-33,-45,12
SE,Sweden,Västra Götaland County,,2020-04-10,-43,-19,191,-49,-81,22
SE,Sweden,Västra Götaland County,,2020-04-11,-45,-16,67,-41,-24,7
SE,Sweden,Västra Götaland County,,2020-04-12,-36,-18,21,-45,-25,6
SE,Sweden,Västra Götaland County,,2020-04-13,-35,-19,79,-57,-83,24
SE,Sweden,Västra Götaland County,,2020-04-14,-16,-5,70,-35,-29,11
SE,Sweden,Västra Götaland County,,2020-04-15,-19,-5,53,-37,-29,12
SE,Sweden,Västra Götaland County,,2020-04-16,-17,0,92,-33,-28,11
SE,Sweden,Västra Götaland County,,2020-04-17,-16,-2,97,-32,-30,11
